CustomerID,Total_Bill_Amt,Tip_Amount_UGX,Gender_Cat,Location_City,Meal_Type,Visit_Date,Party_Size
CUST001,254831310.1742909,14875556.0,Male,Gulu,,2024-10-17,4
CUST002,185510701.50405008,10245458.0,Male,Kampala,Vegetarian,2024-02-10,8
CUST003,274812484.3706384,22485573.0,Male,Entebbe,Non-Vegetarian,2024-02-13,6
CUST004,425710547.43893635,36323236.0,Male,Mbarara,,2024-09-05,3
CUST005,176826324.5540255,9120579.0,Female,Entebbe,Kids Meal,2024-02-05,4
CUST006,176827776.10731393,17118805.0,Female,Kampalla,Special,2024-09-29,2
CUST007,437838941.27609205,23029700.0,Female,Gulu,Non-Vegetarian,2024-03-05,1
CUST008,291768910.22208846,22485118.0,Male,Entebbe,Non-Vegetarian,2024-03-06,8
CUST009,157198215.48441893,13433063.0,M,Kampala,Special,2024-12-03,1
CUST010,260740260.89037204,24391849.0,Male,Entebbe,Kids Meal,2024-08-31,1
CUST011,157674987.71111304,13513432.0,Male,Entebbe,Non-Vegetarian,2024-10-08,4
CUST012,157492815.95365757,14187961.0,Female,Kampala,,2024-03-25,10
CUST013,224354155.98289672,15025561.0,Male,Entebbe,Special,2024-05-15,10
CUST014,76371118.81255591,6930011.0,Male,Entebbe,Non-Vegetarian,2024-09-27,6
CUST015,83913441.12562564,4531808.0,Female,Arua,Vegetarian,2024-11-06,9
CUST016,150069865.61079612,14217744.0,Female,Arua,Special,2025/15/23,1
CUST017,119800655.92707786,9270129.0,Female,Arua,Vegetarian,2024-04-18,7
CUST018,232611199.31552118,21136191.0,Female,Kampala,Special,2024-10-03,10
CUST019,126246037.71877885,9167471.0,F,Kampala,Special,2024-12-19,5
CUST020,98110350.46670716,8062599.0,Male,Arua,,2024-04-12,8
CUST021,413670227.91439515,31571367.0,Male,Entebbe,Non-Vegetarian,2024-12-31,7
CUST022,177568521.45247737,15373790.0,Male,Kampala,Kids Meal,2024-06-08,4
CUST023,205615685.7772601,11120005.0,Male,Mbarara,Non-Vegetarian,2024-07-23,4
CUST024,97501779.38220166,5169311.0,Male,Arua,Non-Vegetarian,2024-12-09,6
CUST025,151419383.12830693,9441780.0,M,Gulu,Non-Vegetarian,2024-11-28,6
CUST026,5132679.848419318,197924.0,Female,Kampala,Special,2024-07-10,96
CUST027,111804066.41723324,10463651.0,Female,Arua,Non-Vegetarian,2024-08-12,5
CUST028,239869189.30547735,14622594.0,Male,Gulu,Non-Vegetarian,2024-09-21,8
CUST029,147219603.89450818,14544305.0,Female,Arua,Special,2024-08-19,5
CUST030,171811482.90664455,11484702.0,F,Arua,Special,2024-03-02,2
CUST031,9237471.831737299,185051.0,Female,Mbarara,Kids Meal,2024-05-06,96
CUST032,501891425.9205203,44911717.0,Male,Gulu,Special,2024-04-25,9
CUST033,5483581.88416732,387166.0,Female,Kampala,Kids Meal,2024-02-02,73
CUST034,117142279.08375204,8775103.0,Male,Arua,Special,2024-06-22,1
CUST035,299920421.28046477,23324265.0,Male,Gulu,Vegetarian,2024-01-11,1
CUST036,107966705.37522592,9280828.0,Male,Arua,Vegetarian,2024-10-28,3
CUST037,220671797.5024448,13554266.0,Female,Kampala,Non-Vegetarian,2025/13/15,10
CUST038,74620081.43172836,7448330.0,Female,Kampala,Non-Vegetarian,2024-04-27,5
CUST039,102324762.01178694,10103512.0,Male,Mbarara,Non-Vegetarian,2024-10-28,3
CUST040,219351472.1374129,18100068.0,Male,Arua,Kids Meal,2024-04-22,9
CUST041,287573365.20791864,17247823.0,Female,Mbarara,Non-Vegetarian,2024-01-04,8
CUST042,216573257.40918162,18194625.0,Male,Arua,Special,2024-02-06,3
CUST043,187620363.81916118,10058313.0,Male,Gulu,Non-Vegetarian,2024-12-28,9
CUST044,171005013.23270068,8812337.0,Male,Arua,Vegetarian,2024-11-19,6
CUST045,,,Female,Mbarara,Non-Vegetarian,2024-01-31,7
CUST046,138701288.45959604,10143384.0,Male,Gulu,Kids Meal,2024-04-27,4
CUST047,,,Male,Gulu,Special,2024-02-04,4
CUST048,337243706.6497763,29123845.0,Male,Kampala,Special,2024-01-17,2
CUST049,236052412.16237727,20568504.0,M,Entebbe,,2024-06-18,5
CUST050,82329101.12812072,5867979.0,Female,Arua,Non-Vegetarian,2024-02-06,8
CUST051,233758073.2909009,15731159.0,Female,Kampala,Non-Vegetarian,2024-09-20,7
CUST052,163973295.2640752,11240687.0,Male,Kampala,Non-Vegetarian,2024-05-01,7
CUST053,141710142.42260426,14083505.0,Female,Entebbe,Special,2024-05-22,6
CUST054,269908460.2599242,14036714.0,Male,Kampala,Non-Vegetarian,2024-12-08,3
CUST055,332867489.8028256,31073704.0,Female,Kampala,Non-Vegetarian,2024-09-05,5
CUST056,316677777.0005701,24996571.0,M,Entebbe,Non-Vegetarian,2024-04-19,1
CUST057,130664890.69453669,9398826.0,Female,Mbarara,Non-Vegetarian,2024-10-03,7
CUST058,170313104.3097931,14691699.0,Female,Gulu,Special,2024-03-08,9
CUST059,234598709.82091072,17438531.0,Female,Kampala,Non-Vegetarian,2024-10-19,1
CUST060,323764786.5069229,30327424.0,Male,Kampala,,2024-10-22,2
CUST061,156437661.5848817,14867068.0,M,Arua,Vegetarian,2024-08-30,3
CUST062,181166270.78039473,12878394.0,Male,Entebbe,Non-Vegetarian,2024-05-04,3
CUST063,114328654.39652124,7298900.0,Female,Mbarara,Non-Vegetarian,2024-08-30,8
CUST064,109304920.11853303,8702586.0,Male,Arua,Vegetarian,2024-07-27,7
CUST065,298421713.53336126,28534537.0,Male,Arua,Kids Meal,2024-04-07,6
CUST066,391648492.7339692,23707701.0,Male,Kampala,,2024-02-18,10
CUST067,191759054.64500663,15560927.0,Male,Arua,Non-Vegetarian,2024-02-19,10
CUST068,328327363.45360637,26784293.0,Female,Kampala,Non-Vegetarian,2024-12-03,4
CUST069,238188584.9245249,20640387.0,Female,Mbarara,Vegetarian,2024-08-08,9
CUST070,143981503.54407376,8146241.0,Male,Gulu,Non-Vegetarian,2024-06-30,1
CUST071,238159954.05049714,20432040.0,Male,Entebbe,Kids Meal,2025/13/23,2
CUST072,,,Female,Kampala,Non-Vegetarian,2024-07-29,4
CUST073,195259940.9661472,11517243.0,Male,Kampala,Vegetarian,2024-08-27,3
CUST074,,,Female,Arua,Vegetarian,2024-01-28,1
CUST075,53644136.36988908,5287689.0,Female,Kampala,Vegetarian,2024-12-10,5
CUST076,299824101.15228885,17704268.0,Female,Gulu,Non-Vegetarian,2024-11-30,7
CUST077,207632202.05553317,19251503.0,Female,Kampala,Kids Meal,2025/14/1,2
CUST078,171184349.96698916,12772731.0,Male,Arua,Non-Vegetarian,2024-02-20,5
CUST079,208122137.9993354,12978820.0,Female,Mbarara,Non-Vegetarian,2024-02-01,6
CUST080,73586402.77168263,6883088.0,Male,Arua,Non-Vegetarian,2024-07-25,7
CUST081,,,Male,Arua,Non-Vegetarian,2024-06-22,1
CUST082,,,Female,Kampala,Special,2024-02-25,7
CUST083,416210750.34722245,28286377.0,Male,Kampala,Vegetarian,2025/13/11,4
CUST084,153409315.1830249,12218675.0,Female,Arua,Non-Vegetarian,2024-04-08,8
CUST085,132687656.58564533,7719263.0,Female,Entebbe,Kids Meal,2024-04-07,4
CUST086,154681196.06563574,10758708.0,Female,Entebbe,Kids Meal,2024-10-01,6
CUST087,314173625.2887266,30936870.0,M,Kampala,Non-Vegetarian,2024-08-17,9
CUST088,234304201.1149091,14739297.0,Male,Kampala,Non-Vegetarian,2024-03-12,5
CUST089,152530506.57165617,12635144.0,Male,Kampala,Special,2024-08-04,4
CUST090,9786065.361033905,126475.0,Female,Mbarara,Non-Vegetarian,2024-04-03,78
CUST091,208676143.11540765,18504077.0,Male,Kampala,Special,2024-05-22,9
CUST092,322649700.54946727,18243802.0,Female,Gulu,Kids Meal,2024-08-24,4
CUST093,139940617.80307892,13782899.0,Female,Kampala,Kids Meal,2025/13/10,3
CUST094,168749209.9086694,12266292.0,Female,Arua,,2024-02-08,8
CUST095,163398278.10410172,10098426.0,Male,Entebbe,Vegetarian,2024-08-14,5
CUST096,8018630.156834455,299693.0,Male,Mbarara,Non-Vegetarian,2024-10-08,58
CUST097,230512446.67068887,13482188.0,Male,Mbarara,Non-Vegetarian,2024-02-20,10
CUST098,226506208.9449385,17211912.0,Male,Entebbe,Kids Meal,2024-01-26,9
CUST099,199298051.27811182,13323106.0,Female,Mbarara,Special,2024-11-29,3
CUST100,176787978.73831138,16166230.0,Male,Kampalla,Special,2024-10-03,2
CUST101,97960011.55033581,7008488.0,Male,Mbarara,Vegetarian,2025/14/12,1
CUST102,161083370.4171133,10057355.0,Male,Mbarara,Kids Meal,2024-02-17,8
CUST103,167483939.4444909,13542291.0,Female,Kampala,Vegetarian,2024-05-01,3
CUST104,,,Female,Gulu,Vegetarian,2024-03-26,7
CUST105,5032493.798390305,407325.0,Male,Kampala,Vegetarian,2024-07-27,90
CUST106,243293893.15799713,14203731.0,Male,Kampala,Non-Vegetarian,2024-09-05,1
CUST107,510472961.5824616,26459637.0,Male,Kampalla,Vegetarian,2024-09-03,9
CUST108,216921085.78730056,18833111.0,Male,Entebbe,Non-Vegetarian,2024-04-19,8
CUST109,226109617.8418078,18810110.0,Female,Arua,,2024-07-24,3
CUST110,191525654.00764278,14121482.0,Female,Mbarara,Non-Vegetarian,2024-01-31,6
CUST111,76161730.59460118,7022761.0,Male,Mbarara,Special,2024-03-25,3
CUST112,196171207.04791626,17711025.0,Male,Kampalla,Vegetarian,2024-07-13,4
CUST113,204866761.9215147,16239321.0,F,Kampala,,2024-01-02,1
CUST114,681206695.188009,63633945.0,Female,Kampala,Non-Vegetarian,2024-07-18,5
CUST115,7526776.440516812,313656.0,Female,Entebbe,,2024-05-15,98
CUST116,231138799.14700195,12850388.0,Male,Kampala,Kids Meal,2024-08-20,1
CUST117,195368757.3651205,12403470.0,Female,Kampala,Non-Vegetarian,2024-05-26,10
CUST118,110819826.98450373,5857309.0,Male,Entebbe,,2024-08-04,7
CUST119,352008783.45198596,26949256.0,Female,Arua,Non-Vegetarian,2024-12-22,6
CUST120,289516195.1837818,28033936.0,F,Gulu,Non-Vegetarian,2024-10-11,2
CUST121,295231765.76421374,15342361.0,Male,Entebbe,Non-Vegetarian,2024-12-04,2
CUST122,126160006.42983408,7078270.0,Male,Arua,Kids Meal,2024-09-06,7
CUST123,400871880.59233737,29107288.0,Male,Kampala,Non-Vegetarian,2024-03-20,1
CUST124,98624448.73273239,9536368.0,Male,Kampala,Vegetarian,2024-04-07,2
CUST125,266579701.89498225,17543025.0,Male,Arua,Kids Meal,2024-05-31,8
CUST126,594352473.984776,44791437.0,Male,Gulu,Special,2024-04-21,6
CUST127,121143592.69010554,6308994.0,Female,Arua,Non-Vegetarian,2024-01-30,2
CUST128,,,Female,Kampala,Non-Vegetarian,2024-10-23,7
CUST129,208944862.95797637,20754808.0,Male,Mbarara,Non-Vegetarian,2024-10-04,4
CUST130,154548334.79170316,15185291.0,M,Gulu,Non-Vegetarian,2024-02-01,2
CUST131,91552539.11625965,4600240.0,Male,Gulu,Vegetarian,2024-06-09,6
CUST132,205722095.78608856,20076541.0,F,Gulu,Kids Meal,2024-01-30,9
CUST133,116873583.07989787,9578491.0,Male,Mbarara,Vegetarian,2024-01-26,9
CUST134,251902204.88452798,23526637.0,Female,Gulu,Non-Vegetarian,2024-10-26,8
CUST135,125528472.31808901,9130564.0,Female,Gulu,Non-Vegetarian,2024-09-01,3
CUST136,431476014.8774953,32697167.0,Female,Kampalla,Non-Vegetarian,2024-09-14,3
CUST137,134372806.47607896,10003025.0,F,Arua,Non-Vegetarian,2024-09-28,2
CUST138,169222423.1493763,14103540.0,Male,Entebbe,Special,2024-03-21,5
CUST139,298569677.0965986,17013265.0,F,Arua,Kids Meal,2024-01-30,4
CUST140,107427109.11074996,5532354.0,Male,Entebbe,Vegetarian,2024-09-17,7
CUST141,222733210.17639658,14565972.0,Male,Kampala,Non-Vegetarian,2024-02-11,4
CUST142,382151106.8876834,32572282.0,Male,Gulu,,2024-04-05,9
CUST143,7946328.4193795435,187846.0,Female,Mbarara,,2024-02-05,90
CUST144,218014516.557199,18241628.0,Male,Mbarara,Vegetarian,2024-10-31,6
CUST145,226373461.09405786,22296790.0,Female,Entebbe,Special,2024-02-04,7
CUST146,293875484.9077519,16073530.0,Female,Gulu,Special,2024-12-11,4
CUST147,107100684.17038535,8956842.0,Female,Kampala,,2024-04-30,6
CUST148,102720983.50084832,7415172.0,Female,Kampalla,Non-Vegetarian,2025/14/5,7
CUST149,258066035.5269206,24105203.0,Male,Kampalla,Non-Vegetarian,2024-03-02,4
CUST150,230612095.24095768,13573249.0,Male,Gulu,Special,2024-10-18,8
CUST151,225313135.091837,19068543.0,Male,Mbarara,Vegetarian,2024-05-06,9
CUST152,236386653.28819358,21725296.0,Male,Arua,Non-Vegetarian,2024-10-23,1
CUST153,141490469.32604513,13757219.0,Male,Gulu,Non-Vegetarian,2024-10-31,7
CUST154,223267715.5550258,18790747.0,Male,Kampala,Non-Vegetarian,2024-01-21,9
CUST155,230161435.84012604,17229595.0,Male,Entebbe,Non-Vegetarian,2024-11-13,10
CUST156,139082740.57962796,11250731.0,F,Arua,Non-Vegetarian,2024-02-11,5
CUST157,505289724.47141886,47216924.0,Female,Arua,,2024-08-02,2
CUST158,251932496.72117978,19784382.0,Male,Entebbe,Special,2024-12-02,10
CUST159,109573216.80319542,5645141.0,Female,Mbarara,Special,2025/13/17,6
CUST160,276033304.0636523,26650307.0,Male,Kampala,Kids Meal,2024-10-16,7
CUST161,122107754.18077005,10315216.0,Male,Gulu,Non-Vegetarian,2024-09-24,2
CUST162,294649649.8396704,24699204.0,Female,Arua,,2024-06-10,2
CUST163,354795834.7030125,21565824.0,Female,Arua,Non-Vegetarian,2024-05-13,10
CUST164,131881469.63123077,10938813.0,Male,Gulu,,2024-04-14,10
CUST165,321800820.9391509,22427336.0,F,Kampala,Non-Vegetarian,2024-12-08,1
CUST166,244358200.71174708,20174616.0,Female,Kampala,,2024-06-09,4
CUST167,,,Female,Gulu,Special,2024-05-02,7
CUST168,513187467.6054656,42539272.0,Female,Gulu,Vegetarian,2024-05-15,9
CUST169,175835810.19789526,17578427.0,Female,Kampala,Non-Vegetarian,2024-07-21,3
CUST170,136370662.61926338,7147269.0,Male,Arua,Non-Vegetarian,2024-03-08,7
CUST171,127419845.76031862,12596561.0,Male,Entebbe,Vegetarian,2024-12-09,7
CUST172,132203126.71471614,9299882.0,Male,Arua,Vegetarian,2024-11-26,7
CUST173,191271496.48480752,17891091.0,Female,Mbarara,Special,2024-06-02,2
CUST174,235761501.79521573,21010894.0,Female,Kampala,Special,2024-08-22,6
CUST175,228283920.74594846,17886231.0,Male,Kampala,Special,2024-06-10,2
CUST176,300616794.45516425,26130351.0,F,Arua,Special,2024-02-07,6
CUST177,200085678.42849892,18793203.0,M,Gulu,Vegetarian,2024-01-05,10
CUST178,411172058.0407311,28867163.0,Female,Arua,Non-Vegetarian,2024-08-22,3
CUST179,174149879.41629574,11555133.0,Female,Mbarara,Non-Vegetarian,2024-11-14,2
CUST180,774586473.458029,64584764.0,Female,Mbarara,Non-Vegetarian,2024-10-15,6
CUST181,271803232.5864497,24568919.0,Male,Kampalla,Non-Vegetarian,2024-02-21,2
CUST182,129498065.50073077,11410626.0,Female,Gulu,Non-Vegetarian,2024-02-07,5
CUST183,116372758.21898739,10460827.0,Male,Entebbe,,2024-10-02,2
CUST184,253023135.355451,18161790.0,Female,Entebbe,Non-Vegetarian,2024-04-19,3
CUST185,177774044.0326819,16158187.0,Male,Kampala,Vegetarian,2024-09-16,3
CUST186,284076897.7011511,15911276.0,Female,Gulu,Non-Vegetarian,2024-05-15,6
CUST187,251857520.63358963,19449560.0,M,Kampala,Non-Vegetarian,2024-03-08,6
CUST188,191680565.41127938,9639219.0,Male,Mbarara,Non-Vegetarian,2024-06-27,10
CUST189,130170855.67599611,8621124.0,Female,Gulu,Vegetarian,2024-02-05,3
CUST190,93206839.91782877,6368178.0,F,Gulu,Non-Vegetarian,2024-05-05,3
CUST191,159013204.3477504,11100495.0,Female,Entebbe,Kids Meal,2024-07-08,1
CUST192,305040366.8505641,25859297.0,Female,Kampala,Non-Vegetarian,2024-05-25,7
CUST193,221249625.90969336,15360898.0,Female,Kampala,Non-Vegetarian,2024-03-21,8
CUST194,106631112.54396062,7723791.0,Male,Entebbe,Non-Vegetarian,2024-08-12,2
CUST195,216769631.56428236,13413099.0,Male,Kampala,Vegetarian,2024-10-05,4
CUST196,241025662.41759104,16549446.0,Male,Gulu,Non-Vegetarian,2024-12-26,10
CUST197,,,Female,Mbarara,Non-Vegetarian,2024-06-03,7
CUST198,214671139.62694126,11519210.0,Male,Mbarara,Non-Vegetarian,2024-11-09,8
CUST199,204659798.32450324,16408073.0,Female,Arua,Non-Vegetarian,2024-11-30,1
CUST200,112253484.90924609,9363135.0,Female,Kampala,Non-Vegetarian,2024-09-27,4
CUST201,237730671.65519643,19250126.0,Female,Mbarara,Non-Vegetarian,2024-01-05,6
CUST202,263127047.05871618,19254243.0,Female,Mbarara,Vegetarian,2024-12-07,3
CUST203,341644370.1254238,23569802.0,F,Kampala,Vegetarian,2024-10-10,5
CUST204,336684317.17160076,31367761.0,Male,Arua,,2024-06-02,10
CUST205,99824139.92049266,7582052.0,Female,Kampala,Non-Vegetarian,2024-12-05,9
CUST206,124378856.37898892,9198948.0,Female,Mbarara,Non-Vegetarian,2024-02-23,3
CUST207,257176431.85282716,13188548.0,Female,Kampalla,Vegetarian,2024-03-09,5
CUST208,257015834.66353214,17236096.0,F,Kampala,Kids Meal,2024-05-15,8
CUST209,257178028.80736187,17747799.0,Male,Mbarara,Non-Vegetarian,2024-02-29,6
CUST210,1364591596.769812,95441091.0,Male,Gulu,Vegetarian,2024-02-24,4
CUST211,264459990.80625176,20894619.0,Female,Kampalla,Non-Vegetarian,2024-10-10,8
CUST212,350733803.48451424,26894313.0,Male,Entebbe,Kids Meal,2024-03-20,3
CUST213,320296011.0564761,25750279.0,Female,Mbarara,Non-Vegetarian,2024-05-19,3
CUST214,275321731.5316345,24295536.0,Female,Kampala,Special,2024-05-24,4
CUST215,,,Male,Entebbe,Vegetarian,2024-11-05,9
CUST216,290536534.11664516,24958876.0,Female,Kampala,Non-Vegetarian,2024-04-17,5
CUST217,135075261.2378618,13207144.0,Male,Kampalla,Kids Meal,2024-06-24,8
CUST218,176590839.90338603,8990527.0,Female,Mbarara,Non-Vegetarian,2024-04-14,6
CUST219,155954289.31550583,9324335.0,Female,Mbarara,Non-Vegetarian,2024-12-17,3
CUST220,207095862.6616217,10433105.0,M,Mbarara,Non-Vegetarian,2024-11-20,8
CUST221,632432821.7915069,52095854.0,Male,Kampala,Non-Vegetarian,2024-05-15,9
CUST222,78148598.61539431,7416421.0,Female,Entebbe,Special,2024-09-15,8
CUST223,280163907.6057996,17418943.0,Female,Kampala,Vegetarian,2024-09-07,4
CUST224,88755623.11787194,8551758.0,Female,Kampala,Kids Meal,2024-05-08,6
CUST225,157005178.38104776,8323374.0,Female,Kampala,,2024-01-27,1
CUST226,342653598.3474908,33142073.0,Male,Entebbe,Non-Vegetarian,2024-02-17,4
CUST227,205282017.85037777,13873192.0,Male,Kampala,Special,2024-11-20,8
CUST228,115974731.10246286,6386849.0,Male,Kampala,Non-Vegetarian,2024-08-04,1
CUST229,6102203.110203484,375265.0,Female,Kampala,Special,2024-05-21,58
CUST230,279232172.5609771,17546623.0,Male,Kampala,Non-Vegetarian,2024-01-23,1
CUST231,137973467.91116512,8863919.0,Male,Kampalla,Non-Vegetarian,2024-01-02,9
CUST232,221511391.2235925,14478981.0,F,Arua,Special,2024-06-19,2
CUST233,203370744.51021403,18334136.0,Male,Kampalla,Non-Vegetarian,2025/14/19,9
CUST234,,,F,Entebbe,Vegetarian,2024-11-22,4
CUST235,580689833.9497615,38073153.0,Female,Kampala,Vegetarian,2024-05-14,2
CUST236,272926965.0699494,21975176.0,Female,Arua,Vegetarian,2024-03-23,4
CUST237,72216852.13167188,6196750.0,Male,Entebbe,Vegetarian,2024-08-14,10
CUST238,218213049.8420058,13885158.0,Male,Kampala,Non-Vegetarian,2024-10-09,6
CUST239,,,Female,Kampala,Non-Vegetarian,2024-12-27,7
CUST240,304436153.4300103,17077134.0,Female,Kampala,Non-Vegetarian,2024-08-06,3
CUST241,133751600.46547239,7899031.0,Female,Kampala,Non-Vegetarian,2025/15/26,3
CUST242,187705923.28453806,15777789.0,Male,Entebbe,Non-Vegetarian,2024-01-05,10
CUST243,255887619.17741784,15115772.0,Female,Arua,Kids Meal,2024-02-27,8
CUST244,306470749.87151855,23370898.0,Female,Kampala,Kids Meal,2024-02-08,5
CUST245,109081631.79583825,9321278.0,Female,Kampala,Vegetarian,2024-12-19,4
CUST246,168173149.94823414,9307349.0,Female,Mbarara,,2024-03-17,7
CUST247,156768793.24514288,12285282.0,Female,Kampala,,2024-10-06,7
CUST248,143391708.3592187,9009034.0,Female,Entebbe,Vegetarian,2024-01-19,9
CUST249,480569491.4499985,47166139.0,Male,Mbarara,Non-Vegetarian,2024-07-08,9
CUST250,243407155.07815668,18055281.0,Female,Kampala,Special,2024-10-25,5
CUST251,7724707.403016083,470156.0,Male,Kampala,Kids Meal,2024-10-09,93
CUST252,314560269.7625087,24381984.0,Male,Entebbe,Non-Vegetarian,2024-03-16,10
CUST253,574398162.9512079,29966712.0,Male,Entebbe,,2024-08-08,1
CUST254,333111527.4893046,27201077.0,Male,Gulu,Non-Vegetarian,2024-03-06,9
CUST255,92996302.84803762,9073665.0,Male,Mbarara,Special,2024-01-22,8
CUST256,156042387.42188138,12495967.0,Male,Kampala,Kids Meal,2024-06-06,6
CUST257,374540632.70302033,34068007.0,Female,Gulu,Vegetarian,2024-07-05,3
CUST258,139548189.80069864,13146880.0,M,Gulu,,2024-01-21,3
CUST259,248180036.17087322,15239244.0,Male,Kampala,Non-Vegetarian,2024-07-02,8
CUST260,292821072.29919744,17745613.0,F,Gulu,Non-Vegetarian,2024-04-17,5
CUST261,125058232.05049075,10073322.0,Female,Kampala,Non-Vegetarian,2024-12-15,10
CUST262,192959832.0183864,13613591.0,Male,Entebbe,Non-Vegetarian,2024-05-07,7
CUST263,39315193.64807599,3616725.0,Male,Kampala,Special,2024-12-07,5
CUST264,119110412.65229622,11315627.0,Female,Entebbe,Special,2024-02-22,8
CUST265,175205688.279027,11856356.0,Female,Entebbe,Non-Vegetarian,2024-06-30,10
CUST266,106522169.73753324,6587707.0,Female,Mbarara,Vegetarian,2024-10-13,10
CUST267,449641398.5579725,40029899.0,Male,Kampala,Special,2024-07-27,4
CUST268,97239210.66621856,6198057.0,Male,Entebbe,Kids Meal,2024-11-13,2
CUST269,159528482.13613772,14537945.0,Male,Entebbe,Vegetarian,2024-03-20,3
CUST270,212218204.03546503,15107159.0,Male,Arua,,2024-05-01,8
CUST271,408659121.8190615,34072974.0,Male,Gulu,Vegetarian,2024-03-24,7
CUST272,96961466.34755598,5311236.0,Male,Arua,,2025/13/6,2
CUST273,355607145.30459505,28872799.0,Female,Arua,Vegetarian,2024-07-30,6
CUST274,,,M,Mbarara,,2024-01-13,9
CUST275,121691651.11878808,9653850.0,Male,Entebbe,Non-Vegetarian,2024-04-01,4
CUST276,250459306.4806291,14627001.0,M,Gulu,Non-Vegetarian,2024-06-19,9
CUST277,219592722.3941548,19070242.0,Male,Mbarara,Vegetarian,2024-07-29,2
CUST278,147250656.72273627,13714905.0,Female,Kampalla,Non-Vegetarian,2024-12-08,2
CUST279,205849591.44928432,12523270.0,Male,Mbarara,Non-Vegetarian,2024-05-07,9
CUST280,163954331.50084984,8982357.0,Female,Entebbe,Non-Vegetarian,2024-05-16,7
CUST281,210398508.8541818,10768602.0,F,Kampala,Non-Vegetarian,2024-03-22,7
CUST282,8249422.188897616,207979.0,Female,Entebbe,Vegetarian,2024-12-25,92
CUST283,439331006.0573595,35302312.0,Male,Arua,Special,2024-02-25,6
CUST284,107054384.49047054,8279037.0,Female,Entebbe,Non-Vegetarian,2024-07-14,7
CUST285,,,Male,Entebbe,Special,2024-01-20,6
CUST286,74903515.19441915,5209187.0,Female,Mbarara,Non-Vegetarian,2024-08-28,6
CUST287,184260805.1846605,14689975.0,Female,Entebbe,Non-Vegetarian,2024-04-23,2
CUST288,266774391.15545747,19964953.0,Male,Mbarara,Non-Vegetarian,2024-04-12,6
CUST289,228775381.38744548,22737820.0,Female,Entebbe,Non-Vegetarian,2024-08-23,4
CUST290,145604633.8439656,8273545.0,Female,Entebbe,Special,2024-06-28,9
CUST291,179142861.38884255,15183652.0,Male,Entebbe,Non-Vegetarian,2024-06-05,1
CUST292,155359883.34727785,10908740.0,Female,Arua,Vegetarian,2024-04-26,8
CUST293,148051819.24930456,10572378.0,Male,Kampala,Non-Vegetarian,2024-04-24,5
CUST294,304005492.75875604,26107958.0,Female,Kampala,Non-Vegetarian,2024-01-13,1
CUST295,237638940.2498354,20109437.0,Female,Kampalla,Non-Vegetarian,2025/13/3,4
CUST296,140581855.89877003,13996723.0,Female,Kampala,Vegetarian,2024-04-08,1
CUST297,,,Female,Gulu,Non-Vegetarian,2024-07-23,6
CUST298,231804531.8619094,12796881.0,Female,Gulu,Non-Vegetarian,2024-06-17,2
CUST299,298471896.8330097,25733334.0,Male,Entebbe,Non-Vegetarian,2024-05-22,5
CUST300,272342139.5885819,21493064.0,Female,Gulu,Non-Vegetarian,2024-02-05,7
CUST301,,,Male,Kampala,,2024-05-22,2
CUST302,150228009.14195275,8107951.0,Female,Gulu,Vegetarian,2024-06-28,6
CUST303,288845378.8275546,15679368.0,Male,Entebbe,Non-Vegetarian,2024-11-24,6
CUST304,269732264.4116828,25546220.0,Male,Arua,Vegetarian,2024-09-17,5
CUST305,196722464.15530404,11723354.0,Female,Kampala,Vegetarian,2024-07-23,5
CUST306,210799704.0380716,13948317.0,Male,Gulu,,2024-12-13,3
CUST307,376559914.0762434,23095481.0,Female,Kampala,Special,2024-10-01,10
CUST308,147888561.39537856,10019423.0,Male,Kampala,Non-Vegetarian,2024-06-18,10
CUST309,261332465.68735254,13973758.0,Male,Kampala,Non-Vegetarian,2024-01-15,2
CUST310,179674772.0727781,13646836.0,Female,Kampala,Special,2024-02-29,7
CUST311,178288695.16401666,9517163.0,Male,Mbarara,Special,2024-05-13,1
CUST312,344341241.5762807,30996850.0,Male,Kampala,Vegetarian,2024-04-01,6
CUST313,300351331.81964004,18527353.0,Female,Mbarara,Special,2024-10-24,6
CUST314,298568545.3152922,22989956.0,Male,Kampalla,Non-Vegetarian,2024-05-15,3
CUST315,381833299.49128866,35893840.0,Female,Gulu,,2024-01-20,2
CUST316,200887819.8049288,16582058.0,Male,Kampala,Kids Meal,2024-02-25,2
CUST317,279561193.1803981,21427775.0,Male,Entebbe,Non-Vegetarian,2024-11-01,9
CUST318,170223340.54450056,11271626.0,Female,Arua,Vegetarian,2024-08-10,5
CUST319,233767702.34583884,15580640.0,Male,Entebbe,Vegetarian,2024-06-25,7
CUST320,186265522.08374244,15548393.0,Male,Kampala,Non-Vegetarian,2024-06-09,5
CUST321,208667630.93472052,20805617.0,Male,Gulu,Special,2024-08-11,7
CUST322,267688297.2711252,22242745.0,Male,Mbarara,Special,2024-11-06,4
CUST323,132043891.59517331,10284789.0,Female,Arua,Non-Vegetarian,2024-09-18,8
CUST324,565911869.7140671,48969783.0,Male,Kampala,Special,2024-02-29,10
CUST325,120209497.15683334,8806581.0,Female,Arua,Special,2025/15/28,10
CUST326,108326564.9823654,5742079.0,Female,Kampala,Non-Vegetarian,2024-10-22,7
CUST327,354709859.37408197,27708104.0,Male,Kampala,Vegetarian,2024-04-07,10
CUST328,295324888.71115,28906773.0,M,Mbarara,Non-Vegetarian,2024-05-10,5
CUST329,271593002.0063686,15960203.0,Male,Kampala,Special,2024-01-23,6
CUST330,272167442.86195624,22998215.0,F,Kampala,Non-Vegetarian,2024-12-28,5
CUST331,197575607.64351192,11863760.0,Male,Kampala,Non-Vegetarian,2024-08-11,7
CUST332,126927687.59443991,9746953.0,Female,Mbarara,,2024-01-01,2
CUST333,206468322.79276487,11321447.0,Female,Arua,Non-Vegetarian,2024-09-23,5
CUST334,141693158.68584028,10275382.0,Male,Gulu,Non-Vegetarian,2024-10-02,10
CUST335,323695930.0789786,28423146.0,Female,Arua,Vegetarian,2024-12-17,3
CUST336,184696886.5497188,12444613.0,Female,Kampala,Non-Vegetarian,2024-12-09,9
CUST337,131564354.87920238,10952152.0,Male,Entebbe,Special,2025/14/20,6
CUST338,169279602.45001462,15196653.0,Male,Entebbe,Special,2024-07-05,10
CUST339,244376592.6987361,23547857.0,Female,Kampala,Vegetarian,2024-08-08,3
CUST340,149962077.37250316,9257475.0,Female,Entebbe,Special,2024-02-05,7
CUST341,131780086.67818803,9220099.0,F,Mbarara,Non-Vegetarian,2024-12-06,4
CUST342,224547738.17090407,12938620.0,Female,Kampala,Non-Vegetarian,2024-06-18,3
CUST343,224691422.77620584,22384698.0,F,Kampala,Non-Vegetarian,2024-11-15,8
CUST344,154280617.12004164,14864945.0,Female,Kampala,Special,2024-06-09,4
CUST345,157075340.8405052,12094465.0,Male,Kampala,Special,2024-12-05,1
CUST346,223244970.22078195,20561233.0,Male,Mbarara,Non-Vegetarian,2024-03-04,6
CUST347,96370732.45391008,7328792.0,Female,Entebbe,Special,2025/15/8,10
CUST348,98348061.44171621,7983825.0,Female,Entebbe,Vegetarian,2024-09-16,1
CUST349,138798412.45894775,7558437.0,Male,Arua,,2024-06-07,5
CUST350,178666536.7330326,15680404.0,Male,Kampala,Non-Vegetarian,2024-12-07,7
CUST351,232223089.85116908,13094055.0,F,Entebbe,Non-Vegetarian,2024-07-28,6
CUST352,415682949.6800702,37953259.0,Female,Entebbe,Vegetarian,2024-06-16,2
CUST353,305232729.33005947,27196665.0,Male,Gulu,Special,2024-07-25,4
CUST354,183511155.03641543,15678686.0,Female,Kampalla,Vegetarian,2024-12-22,2
CUST355,196908000.48941576,10201413.0,Male,Arua,Kids Meal,2024-05-31,1
CUST356,120419326.45220074,7846092.0,Male,Entebbe,Non-Vegetarian,2024-10-10,3
CUST357,196957536.16113546,12438977.0,Male,Mbarara,Non-Vegetarian,2024-03-06,3
CUST358,172072414.2954416,11702098.0,Male,Kampala,Special,2024-04-08,7
CUST359,233598540.05895233,12703588.0,Female,Kampala,Non-Vegetarian,2024-08-03,1
CUST360,131450354.66122927,12730690.0,Male,Kampala,Vegetarian,2024-12-06,9
CUST361,257731405.35922632,20023182.0,Female,Entebbe,Special,2024-07-13,6
CUST362,427782195.7070502,27924003.0,Female,Gulu,Non-Vegetarian,2024-12-12,4
CUST363,188267654.93342832,13150322.0,Male,Gulu,Vegetarian,2024-03-30,3
CUST364,,,Female,Mbarara,Non-Vegetarian,2024-11-11,3
CUST365,280708486.6733073,22465021.0,Female,Gulu,Non-Vegetarian,2024-10-18,2
CUST366,162655502.8931926,12326680.0,Female,Gulu,Non-Vegetarian,2024-06-03,2
CUST367,222358503.93088648,21339656.0,Male,Kampala,Non-Vegetarian,2024-07-26,10
CUST368,200044715.97019464,14972982.0,Female,Kampala,Special,2024-10-07,5
CUST369,208738603.93075222,20792014.0,Female,Gulu,Special,2024-01-01,9
CUST370,135062796.43860996,12502932.0,Male,Entebbe,Non-Vegetarian,2024-06-04,2
CUST371,,,Male,Mbarara,,2024-05-26,2
CUST372,254994982.02732414,24614605.0,Female,Kampala,,2024-04-17,6
CUST373,410680904.5173797,22923518.0,Female,Kampala,Non-Vegetarian,2024-08-08,10
CUST374,,,Male,Entebbe,Non-Vegetarian,2024-10-23,2
CUST375,583378351.7928265,40271287.0,Female,Kampala,Non-Vegetarian,2024-11-06,4
CUST376,135445715.9254891,12718179.0,Male,Kampala,Special,2024-12-01,6
CUST377,307478461.03486425,28719360.0,Female,Arua,Non-Vegetarian,2024-06-13,5
CUST378,217873740.69634765,19673186.0,Male,Kampala,Vegetarian,2024-08-26,1
CUST379,594158540.9026741,53178094.0,Female,Gulu,Non-Vegetarian,2024-08-14,6
CUST380,,,Male,Kampala,Special,2024-08-14,1
CUST381,130631946.45754209,7060129.0,Male,Kampala,Kids Meal,2024-12-11,3
CUST382,147311353.55958748,10333745.0,Male,Entebbe,Special,2024-04-19,10
CUST383,68737634.52141425,4033265.0,Male,Mbarara,,2024-09-18,5
CUST384,152836268.85414112,12952500.0,Female,Entebbe,Non-Vegetarian,2024-08-30,10
CUST385,136003196.6502425,9153693.0,Male,Arua,Vegetarian,2024-03-27,5
CUST386,214313868.18240252,21170033.0,Female,Kampala,Vegetarian,2024-12-03,10
CUST387,235832712.63429663,19349745.0,Male,Arua,Special,2024-02-13,6
CUST388,,,Male,Kampala,Vegetarian,2024-05-25,10
CUST389,319723525.6847628,18104739.0,Male,Arua,Non-Vegetarian,2024-09-20,8
CUST390,,,Male,Gulu,Non-Vegetarian,2025/14/19,5
CUST391,126854071.86135261,12195479.0,Male,Mbarara,,2024-11-20,1
CUST392,254221086.26012623,18902125.0,Male,Entebbe,Kids Meal,2024-11-13,5
CUST393,102732458.38701439,8250716.0,Female,Kampala,Non-Vegetarian,2024-06-20,3
CUST394,496693980.9422925,43828520.0,Male,Kampala,Special,2024-02-17,4
CUST395,358512949.73385054,21059743.0,Female,Mbarara,,2024-04-30,8
CUST396,157221697.4505994,11811799.0,Female,Gulu,Non-Vegetarian,2024-12-10,7
CUST397,84409289.14221957,5903008.0,Male,Arua,Non-Vegetarian,2024-06-07,5
CUST398,391185122.92338115,22422223.0,Female,Kampala,Non-Vegetarian,2024-04-25,2
CUST399,187724375.32838157,12835977.0,F,Entebbe,Non-Vegetarian,2024-04-11,6
CUST400,369131473.3799257,19714801.0,Female,Kampala,Special,2024-03-16,6
CUST401,89570935.93378417,4594147.0,Female,Kampalla,Non-Vegetarian,2024-01-13,10
CUST402,147312651.56175196,8361218.0,Male,Arua,Non-Vegetarian,2024-01-24,10
CUST403,199311030.29630578,19563525.0,Female,Mbarara,Vegetarian,2024-05-05,6
CUST404,203514044.63370413,15767551.0,Female,Kampala,Special,2024-08-31,9
CUST405,158731165.03391832,15601862.0,Female,Gulu,Vegetarian,2024-11-08,8
CUST406,271420610.8418164,19440472.0,F,Arua,Kids Meal,2024-02-07,8
CUST407,116563303.87470467,7645481.0,Male,Entebbe,Non-Vegetarian,2024-08-21,1
CUST408,185129388.61031938,13941556.0,Male,Mbarara,Non-Vegetarian,2025/13/8,5
CUST409,211112789.2517195,15194966.0,Female,Mbarara,,2024-11-18,7
CUST410,257099749.01277587,14213306.0,Female,Mbarara,Non-Vegetarian,2024-10-21,6
CUST411,283738250.51519215,23278259.0,Male,Arua,Non-Vegetarian,2024-04-09,5
CUST412,113286915.40606432,6888061.0,Male,Kampala,Vegetarian,2024-12-22,8
CUST413,92313245.45953701,7475471.0,Male,Kampala,Special,2024-07-15,3
CUST414,376562159.5304324,31070164.0,Male,Kampalla,Non-Vegetarian,2024-09-10,6
CUST415,234721974.61682594,13520277.0,Female,Kampala,Non-Vegetarian,2024-07-23,5
CUST416,136729080.41434675,7255868.0,Female,Arua,Non-Vegetarian,2024-05-04,8
CUST417,431738771.0850936,38441191.0,Male,Arua,Vegetarian,2024-03-16,4
CUST418,210625576.4935597,15373565.0,Male,Gulu,Non-Vegetarian,2024-12-01,8
CUST419,358487328.3280752,18966916.0,Male,Kampalla,Non-Vegetarian,2024-12-18,10
CUST420,205614686.1504719,20508691.0,Male,Entebbe,Non-Vegetarian,2025/14/21,2
CUST421,557029768.8425545,29460763.0,Female,Entebbe,Non-Vegetarian,2024-02-24,9
CUST422,478145530.0088007,40523676.0,F,Kampala,Special,2024-08-05,9
CUST423,175521693.82029942,17408934.0,Female,Entebbe,Non-Vegetarian,2024-04-22,10
CUST424,323122076.1301806,20020322.0,Male,Kampala,Special,2024-03-31,10
CUST425,274494903.91660845,15677082.0,Female,Entebbe,Non-Vegetarian,2024-12-22,6
CUST426,394082587.3059792,22095914.0,Female,Mbarara,Kids Meal,2024-09-22,4
CUST427,122704986.50796565,7995918.0,Female,Mbarara,Vegetarian,2024-08-25,4
CUST428,280134669.7726333,15422055.0,Female,Kampala,Non-Vegetarian,2024-01-26,6
CUST429,337463367.75707465,28552123.0,Male,Entebbe,Vegetarian,2024-10-12,5
CUST430,82506326.71099491,4382290.0,Male,Mbarara,Kids Meal,2024-05-07,6
CUST431,110014861.88207082,8302943.0,Male,Kampala,Special,2024-03-03,7
CUST432,71709887.00257806,7159145.0,Male,Kampala,Special,2024-08-21,7
CUST433,5463729.21690074,326872.0,Male,Kampala,,2024-03-09,87
CUST434,284580409.7380946,22982990.0,Female,Gulu,Vegetarian,2024-08-25,8
CUST435,421332895.5796804,27518381.0,Female,Kampala,Vegetarian,2024-12-07,6
CUST436,206291890.74374083,16749827.0,Female,Kampalla,Kids Meal,2024-09-28,6
CUST437,448788842.7889329,34265959.0,Male,Entebbe,Non-Vegetarian,2024-10-13,5
CUST438,99702823.03974651,7109227.0,F,Gulu,Special,2024-10-31,1
CUST439,84821877.70604706,4795449.0,M,Kampala,,2024-06-11,9
CUST440,193343977.92115018,18238178.0,Female,Entebbe,Vegetarian,2024-08-14,9
CUST441,240874835.90468118,17460832.0,F,Arua,Non-Vegetarian,2024-11-09,9
CUST442,195565888.25560305,11681371.0,Female,Arua,Non-Vegetarian,2024-09-15,8
CUST443,70705521.75096086,4835407.0,F,Arua,Non-Vegetarian,2024-08-06,10
CUST444,190125560.999245,13443111.0,Male,Gulu,Non-Vegetarian,2024-10-07,3
CUST445,103545380.00482991,9461655.0,Male,Mbarara,Non-Vegetarian,2025/14/15,1
CUST446,277849887.66719925,24084228.0,Male,Mbarara,,2024-03-22,8
CUST447,238780290.86980605,21123757.0,Male,Arua,Kids Meal,2024-08-31,7
CUST448,124251138.49273857,6281089.0,Male,Kampala,Special,2024-08-18,5
CUST449,153747440.95446604,10886503.0,Female,Kampala,Vegetarian,2024-05-12,10
CUST450,117054303.5553854,8669885.0,Female,Kampala,Kids Meal,2024-05-06,7
CUST451,192655799.10447988,9817665.0,Female,Arua,Vegetarian,2024-11-22,10
CUST452,320478721.0793518,20187166.0,Male,Entebbe,Kids Meal,2024-05-21,4
CUST453,121435310.58812778,10688067.0,Female,Entebbe,Non-Vegetarian,2024-09-23,9
CUST454,255767282.62036723,14541773.0,Female,Mbarara,Special,2024-09-05,10
CUST455,152492575.8378079,11706170.0,Male,Mbarara,Non-Vegetarian,2024-11-16,2
CUST456,133728055.98138563,8125329.0,Female,Mbarara,Non-Vegetarian,2024-05-02,9
CUST457,188430556.9822256,9535724.0,Male,Entebbe,Non-Vegetarian,2024-05-20,9
CUST458,118465710.97098415,7351991.0,Male,Arua,Non-Vegetarian,2024-08-13,5
CUST459,150719435.9338999,14890129.0,M,Kampala,Special,2024-02-09,1
CUST460,109213619.33548516,9837619.0,Male,Kampala,Special,2024-12-31,7
CUST461,530917842.7267326,52018710.0,Female,Kampala,Kids Meal,2024-05-26,10
CUST462,202325239.0718044,15051521.0,Female,Entebbe,Non-Vegetarian,2024-04-30,10
CUST463,140103574.51197228,7773900.0,Female,Entebbe,Non-Vegetarian,2024-05-19,4
CUST464,221237033.46991828,17123298.0,Male,Mbarara,Special,2024-06-20,9
CUST465,,,Male,Kampala,,2024-06-12,6
CUST466,177995794.08042258,16414390.0,Male,Arua,Special,2024-10-03,3
CUST467,270244761.12487894,14837553.0,Female,Gulu,Non-Vegetarian,2024-02-11,6
CUST468,290324300.58169943,21603628.0,Male,Kampala,Vegetarian,2025/14/22,10
CUST469,152474008.76783305,8767627.0,Male,Entebbe,Non-Vegetarian,2024-03-18,6
CUST470,149058016.20972967,9872678.0,F,Kampala,,2024-04-28,5
CUST471,,,Female,Gulu,Special,2024-07-15,2
CUST472,62883520.7830353,4640861.0,Male,Entebbe,Kids Meal,2024-12-21,10
CUST473,93190817.29116185,6411008.0,Female,Kampala,Non-Vegetarian,2024-03-19,10
CUST474,393736480.6684584,27452809.0,Female,Kampala,Non-Vegetarian,2024-12-27,2
CUST475,452473219.41192424,33018029.0,Male,Gulu,Kids Meal,2024-04-19,7
CUST476,175515384.7118627,15664893.0,Male,Mbarara,Non-Vegetarian,2024-02-02,2
CUST477,265210328.21197754,25090020.0,Female,Entebbe,Vegetarian,2024-07-31,6
CUST478,232262871.79002512,22707582.0,Female,Arua,Special,2024-07-27,5
CUST479,926751189.2199305,82800742.0,Female,Arua,Non-Vegetarian,2024-06-18,4
CUST480,347940739.5885725,22884182.0,Male,Mbarara,,2024-10-04,7
CUST481,186472900.9440892,15739569.0,Male,Mbarara,Kids Meal,2025/13/26,8
CUST482,123282010.67692636,8861530.0,Male,Gulu,Non-Vegetarian,2024-07-31,4
CUST483,89034288.6163793,5585435.0,Male,Arua,Vegetarian,2024-02-01,1
CUST484,220076791.77090514,20256656.0,Male,Mbarara,Vegetarian,2024-04-15,1
CUST485,136192503.03107107,7071294.0,Male,Entebbe,Kids Meal,2024-08-03,1
CUST486,97623463.20512314,9282830.0,Female,Entebbe,Vegetarian,2024-07-18,1
CUST487,143876929.64351368,10513645.0,F,Kampala,Non-Vegetarian,2024-10-26,5
CUST488,115754401.62146829,9475664.0,Female,Mbarara,Vegetarian,2024-12-22,4
CUST489,462115813.6458437,38340684.0,Female,Mbarara,Non-Vegetarian,2024-01-11,9
CUST490,308914518.5077502,29271469.0,Male,Kampala,Non-Vegetarian,2024-10-21,3
CUST491,197998291.20104748,16202890.0,F,Gulu,Special,2024-07-13,7
CUST492,416637604.69466424,33621271.0,Male,Entebbe,Special,2024-09-01,8
CUST493,206629818.28266507,11020106.0,F,Kampala,Non-Vegetarian,2024-01-04,6
CUST494,129231144.7007129,9811280.0,F,Kampalla,Non-Vegetarian,2024-06-29,10
CUST495,425730603.31864554,24483107.0,Female,Kampala,Vegetarian,2024-06-01,1
CUST496,260264843.87707973,22609646.0,F,Kampala,Special,2024-07-18,8
CUST497,118347077.72540945,8948352.0,Female,Gulu,Kids Meal,2024-08-02,10
CUST498,180742864.3002522,15184459.0,Male,Arua,Vegetarian,2024-10-02,3
CUST499,128308252.86832997,6682761.0,Male,Kampala,Vegetarian,2024-10-06,8
CUST500,99568401.0317206,5400550.0,Female,Arua,Non-Vegetarian,2025/14/10,4
CUST501,315870871.2486514,27106828.0,Male,Gulu,,2024-04-22,8
CUST502,516436863.1252906,27683194.0,Female,Kampala,Non-Vegetarian,2024-09-06,1
CUST503,98786497.86291558,5291285.0,F,Kampala,Vegetarian,2024-04-22,3
CUST504,263414632.29062334,13330209.0,Male,Gulu,Non-Vegetarian,2024-05-19,6
CUST505,143584460.4262923,14046160.0,Female,Kampala,Vegetarian,2024-08-11,9
CUST506,155816966.87367642,13536664.0,M,Mbarara,,2024-09-05,2
CUST507,147827752.1119567,10002406.0,M,Mbarara,Special,2024-01-15,1
CUST508,129056376.51975107,8366309.0,F,Kampalla,Vegetarian,2024-07-18,10
CUST509,203670916.1114739,13744765.0,Female,Kampala,Special,2024-06-21,3
CUST510,131206138.50646676,11642272.0,F,Kampalla,Non-Vegetarian,2024-12-08,4
CUST511,227573470.59109053,18904194.0,Female,Entebbe,Kids Meal,2024-12-13,5
CUST512,193857948.43483707,11487979.0,Male,Entebbe,Special,2024-07-26,3
CUST513,176402920.15188107,10355816.0,Female,Kampala,,2024-03-25,10
CUST514,126275103.75300585,6935001.0,Female,Kampala,Special,2024-08-27,2
CUST515,148987000.2855693,12368176.0,Male,Arua,Vegetarian,2024-03-06,2
CUST516,290017229.6873752,25584924.0,Female,Entebbe,Special,2024-11-14,7
CUST517,255367405.6925841,16152581.0,Female,Kampala,Kids Meal,2024-09-30,9
CUST518,121932437.28878859,6224315.0,Male,Gulu,Non-Vegetarian,2024-01-14,10
CUST519,208911532.6783324,11303907.0,Female,Kampala,Non-Vegetarian,2024-07-20,2
CUST520,289437181.1739982,28478593.0,Female,Gulu,,2024-10-30,7
CUST521,86275190.79505351,5588237.0,Female,Entebbe,Special,2024-10-15,7
CUST522,260844597.26278156,23074615.0,Male,Mbarara,,2024-12-05,7
CUST523,142726875.37523484,11594158.0,Male,Mbarara,Special,2024-01-14,3
CUST524,264421403.34213933,18270721.0,Male,Entebbe,Vegetarian,2024-02-12,7
CUST525,135722877.6786729,8181967.0,M,Entebbe,Vegetarian,2024-11-25,1
CUST526,80624588.45635472,4520566.0,Male,Entebbe,Vegetarian,2024-08-07,10
CUST527,88100085.38075966,7114139.0,Female,Mbarara,Non-Vegetarian,2024-03-10,1
CUST528,203626451.32736155,18068119.0,Male,Entebbe,Non-Vegetarian,2024-08-24,5
CUST529,226355318.83402902,18605324.0,Male,Kampala,Non-Vegetarian,2024-04-03,2
CUST530,126480280.22490107,9677652.0,Female,Kampala,Vegetarian,2024-01-26,9
CUST531,273565464.19033664,14252094.0,Female,Entebbe,Non-Vegetarian,2024-05-13,7
CUST532,86616011.59569919,8525132.0,Male,Entebbe,Vegetarian,2024-07-13,4
CUST533,192328495.02881742,17297200.0,Male,Mbarara,Non-Vegetarian,2024-06-16,4
CUST534,108498529.634902,7013465.0,Male,Kampala,Non-Vegetarian,2024-04-18,2
CUST535,143498799.1851292,14206168.0,Female,Entebbe,Non-Vegetarian,2024-08-20,5
CUST536,203556591.40726754,16303678.0,Female,Mbarara,Non-Vegetarian,2024-06-16,4
CUST537,129287426.52230985,10229368.0,Male,Mbarara,Non-Vegetarian,2024-06-21,1
CUST538,164016486.2855108,14335641.0,Male,Entebbe,Vegetarian,2024-07-13,8
CUST539,328780753.41460675,29783752.0,Male,Entebbe,Non-Vegetarian,2024-05-22,3
CUST540,148978021.18750718,12338945.0,M,Entebbe,Kids Meal,2024-08-03,6
CUST541,301898472.491798,17028519.0,F,Mbarara,Non-Vegetarian,2024-05-09,4
CUST542,113000392.67305069,7561238.0,Male,Kampala,,2024-02-11,9
CUST543,259082568.96213302,24976643.0,Female,Mbarara,Kids Meal,2024-08-28,7
CUST544,408719471.2491976,25026212.0,Male,Arua,,2024-01-10,9
CUST545,57767276.85345694,3963318.0,Male,Gulu,Special,2024-10-03,10
CUST546,133459370.84530693,9556204.0,Female,Kampala,Special,2024-01-27,3
CUST547,265278650.43419647,19092171.0,M,Entebbe,Non-Vegetarian,2025/15/18,1
CUST548,179598181.04344764,14484051.0,F,Entebbe,Kids Meal,2024-04-24,5
CUST549,239323850.49393645,23251220.0,Female,Kampala,Vegetarian,2024-11-28,3
CUST550,,,Male,Arua,,2024-02-05,6
CUST551,207584734.3761287,11640328.0,Female,Kampalla,Special,2024-11-29,8
CUST552,183902569.415703,11010895.0,Male,Gulu,,2024-01-21,4
CUST553,356429246.0477902,33627761.0,Female,Arua,,2024-01-16,5
CUST554,225756084.12832192,18577590.0,Male,Kampala,Vegetarian,2024-05-06,5
CUST555,235343477.17881924,15131489.0,Female,Entebbe,Special,2025/13/3,4
CUST556,161791138.99580207,14690206.0,Male,Kampala,Non-Vegetarian,2024-01-11,4
CUST557,155779509.83741423,14498165.0,Male,Gulu,Non-Vegetarian,2024-11-14,4
CUST558,160126740.07040063,14783816.0,M,Mbarara,Non-Vegetarian,2024-03-19,4
CUST559,5777397.499058908,260466.0,Male,Arua,Non-Vegetarian,2024-05-02,100
CUST560,161056056.37182945,10084050.0,Female,Kampala,Vegetarian,2024-03-05,5
CUST561,229782256.46006596,20163875.0,Male,Entebbe,Vegetarian,2024-08-30,2
CUST562,561125798.6152637,40977320.0,Male,Gulu,Special,2024-12-08,2
CUST563,307294654.1319406,28301815.0,Male,Entebbe,Special,2024-02-28,9
CUST564,168887524.0069991,14596026.0,Male,Mbarara,Special,2024-10-15,2
CUST565,362437368.24064595,32192547.0,Female,Mbarara,Non-Vegetarian,2024-04-21,6
CUST566,,,Male,Gulu,Special,2024-08-26,2
CUST567,71749612.46417202,4224003.0,F,Entebbe,,2024-12-24,5
CUST568,120085208.97131042,9276744.0,Female,Kampala,Non-Vegetarian,2024-05-11,4
CUST569,78010915.60130979,7741295.0,Male,Kampala,Non-Vegetarian,2024-07-07,7
CUST570,166748715.06304663,16152849.0,Female,Entebbe,Non-Vegetarian,2024-03-26,7
CUST571,200628293.63316202,10464508.0,Female,Entebbe,Non-Vegetarian,2024-11-06,6
CUST572,459649102.23352116,26770304.0,Female,Arua,Vegetarian,2024-11-06,10
CUST573,234090644.00662568,13246356.0,Male,Arua,Non-Vegetarian,2024-02-28,5
CUST574,178162215.1954065,15375220.0,Male,Kampala,Special,2024-03-24,1
CUST575,300951015.2913959,27353217.0,Female,Entebbe,,2024-06-08,3
CUST576,65803765.72216989,3992681.0,M,Kampala,Vegetarian,2024-02-25,9
CUST577,223643216.8415953,16838687.0,Female,Kampala,Vegetarian,2024-10-23,1
CUST578,292269791.14137596,26899094.0,Male,Mbarara,Vegetarian,2024-01-14,5
CUST579,94912137.77554321,8223195.0,Female,Kampala,Vegetarian,2024-06-08,2
CUST580,352172721.9545605,27156694.0,Female,Entebbe,Non-Vegetarian,2024-10-21,4
CUST581,235448669.25813848,18722262.0,Female,Kampala,Non-Vegetarian,2024-12-12,1
CUST582,161515443.59522453,12181176.0,Male,Mbarara,Non-Vegetarian,2024-07-11,3
CUST583,272771828.8808106,17696733.0,Female,Gulu,Non-Vegetarian,2024-07-22,10
CUST584,618681839.8024602,48412534.0,Male,Kampala,Special,2024-04-11,7
CUST585,217713036.33305442,18384617.0,Male,Gulu,Vegetarian,2024-02-08,10
CUST586,225057294.98549697,21080249.0,Female,Arua,Non-Vegetarian,2024-10-30,3
CUST587,157995139.71363816,12926304.0,Male,Kampalla,Special,2024-12-19,4
CUST588,129972454.07667384,11444864.0,Male,Kampala,Vegetarian,2024-11-17,2
CUST589,301091025.4876203,17464358.0,Male,Mbarara,Vegetarian,2024-05-04,3
CUST590,129567607.17810524,9468525.0,M,Mbarara,Special,2024-02-22,9
CUST591,206031246.56215966,10397693.0,Female,Mbarara,Non-Vegetarian,2024-12-22,3
CUST592,,,Male,Gulu,Non-Vegetarian,2024-06-03,5
CUST593,252581667.96124244,21803629.0,Female,Gulu,Kids Meal,2024-12-16,2
CUST594,234880241.51200446,23391840.0,Female,Entebbe,Non-Vegetarian,2024-11-03,4
CUST595,333957818.5206304,18353956.0,Male,Arua,Non-Vegetarian,2024-03-02,7
CUST596,154043729.76080135,10794571.0,Female,Gulu,Kids Meal,2024-10-16,7
CUST597,173696105.7112142,15633266.0,Female,Arua,Non-Vegetarian,2024-01-22,3
CUST598,121858783.63688378,7336116.0,Female,Entebbe,,2024-06-26,5
CUST599,159189941.67482623,12377694.0,Male,Arua,,2024-09-29,1
CUST600,240061458.4752986,20802181.0,Female,Mbarara,Kids Meal,2024-08-07,10
CUST601,290248957.64519805,23451905.0,Female,Kampala,Vegetarian,2024-12-04,10
CUST602,125356547.74361397,7446334.0,Male,Mbarara,Vegetarian,2024-07-08,10
CUST603,307061385.7157584,20809313.0,Male,Gulu,Kids Meal,2024-02-05,1
CUST604,391530591.0434811,34920453.0,Male,Mbarara,Special,2024-09-16,5
CUST605,6682972.725563134,465254.0,Male,Entebbe,Kids Meal,2024-11-27,52
CUST606,508081885.8959492,25536948.0,Female,Entebbe,Non-Vegetarian,2024-06-23,9
CUST607,135010171.69191056,11887583.0,Male,Mbarara,Vegetarian,2024-01-07,1
CUST608,106688926.29418337,5522813.0,Male,Kampala,Non-Vegetarian,2024-08-03,1
CUST609,81686160.75922434,7130115.0,Female,Mbarara,Special,2024-09-07,4
CUST610,420005109.5347965,25252399.0,Male,Entebbe,Vegetarian,2024-02-24,4
CUST611,275731495.3310693,26995126.0,F,Gulu,,2024-08-09,2
CUST612,193340403.79607236,13223911.0,Male,Entebbe,Vegetarian,2024-07-04,9
CUST613,228658365.10146728,15170701.0,Male,Gulu,Non-Vegetarian,2024-11-21,9
CUST614,113238951.0768902,6504944.0,Male,Entebbe,,2024-08-23,2
CUST615,675275469.6635163,44082125.0,Male,Kampala,Special,2024-12-28,9
CUST616,212057043.5877777,19897851.0,Male,Kampala,Non-Vegetarian,2024-03-19,6
CUST617,209965266.26937032,20958044.0,Female,Kampala,Non-Vegetarian,2024-08-10,8
CUST618,285753066.19747204,19549932.0,F,Kampalla,Vegetarian,2024-03-31,10
CUST619,252838093.41208002,18313198.0,Male,Kampalla,Vegetarian,2024-09-24,4
CUST620,222335328.9862604,19143860.0,Female,Entebbe,Special,2024-11-29,2
CUST621,133888517.30846418,12626998.0,Female,Arua,Non-Vegetarian,2024-05-18,2
CUST622,251634817.49838507,20043271.0,Female,Entebbe,Non-Vegetarian,2024-11-11,9
CUST623,509411923.51762986,35442989.0,Male,Arua,Non-Vegetarian,2024-10-02,1
CUST624,,,Male,Mbarara,,2024-09-04,7
CUST625,440908792.5038603,37380647.0,Male,Mbarara,Special,2024-08-26,3
CUST626,153951386.8543162,7722342.0,Female,Entebbe,Non-Vegetarian,2024-08-11,3
CUST627,121200028.75511035,9814714.0,Female,Arua,Non-Vegetarian,2024-10-30,2
CUST628,186671663.03616363,12651607.0,Male,Kampala,Special,2024-05-17,10
CUST629,204405788.4513566,18337216.0,Male,Kampalla,Kids Meal,2024-06-14,6
CUST630,343552686.1510827,18774994.0,M,Kampala,Vegetarian,2024-05-05,10
CUST631,85286178.3967526,6772585.0,Female,Gulu,Non-Vegetarian,2024-02-14,2
CUST632,427100727.30952907,31626230.0,F,Arua,Vegetarian,2024-05-22,10
CUST633,183688386.7625898,15083806.0,Female,Arua,Non-Vegetarian,2025/14/12,4
CUST634,,,Male,Kampala,Special,2024-05-04,10
CUST635,119844196.1055452,9467594.0,Female,Mbarara,Non-Vegetarian,2024-08-25,9
CUST636,86905071.00745691,6785046.0,Female,Kampala,Non-Vegetarian,2024-10-18,9
CUST637,300014261.84177506,23411014.0,Male,Gulu,Special,2024-11-08,6
CUST638,206211781.16716582,16532902.0,Female,Kampala,Non-Vegetarian,2024-12-08,4
CUST639,104299260.42598759,8742718.0,Female,Entebbe,Non-Vegetarian,2025/15/10,7
CUST640,104032706.46962066,9388895.0,Male,Gulu,Non-Vegetarian,2024-06-21,1
CUST641,168065262.5237824,10670638.0,Female,Entebbe,,2024-01-15,4
CUST642,457947928.1535072,41788880.0,Female,Kampala,Non-Vegetarian,2025/15/14,5
CUST643,174591514.9832549,13079136.0,F,Kampala,,2024-06-15,8
CUST644,,,Male,Entebbe,Special,2024-04-03,2
CUST645,175804606.67500228,9304906.0,Male,Arua,Non-Vegetarian,2024-09-06,5
CUST646,173448883.45881173,11571107.0,Female,Mbarara,Non-Vegetarian,2024-04-18,6
CUST647,51614435.93524,4606323.0,Male,Kampala,Special,2025/15/9,5
CUST648,193465129.66078755,16518836.0,Female,Entebbe,Non-Vegetarian,2024-05-12,9
CUST649,177111141.910662,15839182.0,Female,Kampala,Non-Vegetarian,2024-06-23,10
CUST650,281560657.35457456,21360164.0,Male,Kampala,Special,2024-05-23,1
CUST651,,,Female,Arua,Non-Vegetarian,2024-11-01,3
CUST652,349158940.62383735,20032165.0,Female,Gulu,Non-Vegetarian,2024-12-25,2
CUST653,173781780.26867962,11540785.0,Male,Kampala,Special,2024-05-21,3
CUST654,114317740.26179965,8196693.0,M,Kampala,Special,2024-10-11,10
CUST655,6093189.874018017,353991.0,Female,Kampala,,2024-01-06,93
CUST656,204763148.50318527,12496817.0,Female,Mbarara,Kids Meal,2024-09-21,9
CUST657,200178479.67539868,15996515.0,Female,Kampalla,,2024-04-07,10
CUST658,196405652.77629337,17044702.0,Female,Kampala,Non-Vegetarian,2024-02-13,2
CUST659,219485704.186157,21930436.0,M,Kampala,,2024-05-03,3
CUST660,184946115.49477917,17876090.0,Female,Mbarara,Non-Vegetarian,2024-07-27,4
CUST661,149218804.83232582,12255081.0,Female,Mbarara,Non-Vegetarian,2024-09-07,9
CUST662,151232025.5329883,10746911.0,Female,Entebbe,Non-Vegetarian,2024-10-11,3
CUST663,195560165.87394857,15998556.0,Male,Kampala,Vegetarian,2024-05-03,7
CUST664,,,Female,Kampala,Non-Vegetarian,2024-12-19,3
CUST665,139187483.94635046,7782920.0,Male,Gulu,Non-Vegetarian,2024-08-31,7
CUST666,209654268.77890024,14779629.0,Male,Entebbe,Vegetarian,2025/14/28,7
CUST667,174994774.2952105,16097789.0,Male,Kampala,Vegetarian,2024-12-30,9
CUST668,421677673.49760556,29176573.0,F,Gulu,Non-Vegetarian,2024-09-08,2
CUST669,52813129.09061237,4150775.0,Female,Kampala,Non-Vegetarian,2024-08-17,6
CUST670,343091833.3272452,27237535.0,Female,Arua,Vegetarian,2024-01-09,9
CUST671,370660784.65006226,21951945.0,Female,Entebbe,Special,2025/14/7,2
CUST672,70495551.2375583,4801577.0,Female,Kampala,Non-Vegetarian,2024-05-30,2
CUST673,167486193.99835837,11175611.0,M,Gulu,Special,2024-04-23,5
CUST674,165095531.9746595,8471025.0,Female,Entebbe,Non-Vegetarian,2024-07-26,10
CUST675,98345705.03361268,5036243.0,Male,Kampalla,Non-Vegetarian,2024-12-20,10
CUST676,134738569.29649448,12340012.0,Male,Gulu,Special,2024-05-04,10
CUST677,114086484.67618924,7262009.0,Female,Kampala,Non-Vegetarian,2024-06-05,8
CUST678,,,Female,Arua,Non-Vegetarian,2024-12-05,9
CUST679,317374961.1427499,20609149.0,Male,Kampala,Vegetarian,2024-10-24,2
CUST680,375411316.3642565,36427648.0,Male,Mbarara,Non-Vegetarian,2024-07-07,5
CUST681,285168648.1185856,17955598.0,Female,Entebbe,Vegetarian,2024-08-30,7
CUST682,113037411.07825477,8080235.0,Male,Gulu,Vegetarian,2024-10-10,6
CUST683,152930655.69152483,14319893.0,Female,Kampala,Kids Meal,2024-09-28,6
CUST684,253897845.13983414,23383148.0,F,Entebbe,Kids Meal,2024-06-25,7
CUST685,107897404.42203109,6398863.0,Male,Mbarara,Special,2024-08-05,3
CUST686,283934601.7467345,25591641.0,Male,Mbarara,Vegetarian,2024-10-08,3
CUST687,,,Female,Kampala,Non-Vegetarian,2024-06-18,10
CUST688,164816760.97399488,12220906.0,Female,Kampala,Special,2024-06-29,9
CUST689,283645354.2331311,16075316.0,Female,Mbarara,Non-Vegetarian,2024-12-25,8
CUST690,248235123.77542973,13412163.0,F,Mbarara,Vegetarian,2024-08-20,5
CUST691,165962463.30342203,14338653.0,Male,Kampala,Non-Vegetarian,2025/14/28,6
CUST692,354926108.4858684,26556657.0,Female,Entebbe,Non-Vegetarian,2024-06-05,10
CUST693,9029096.259164039,122375.0,Female,Entebbe,Non-Vegetarian,2024-05-08,91
CUST694,270483885.7680329,23390205.0,Female,Mbarara,Non-Vegetarian,2024-04-28,10
CUST695,267413286.18842992,23606080.0,Male,Kampala,Special,2024-03-02,1
CUST696,170284658.99280354,9867214.0,Female,Kampala,Non-Vegetarian,2024-04-08,4
CUST697,233997687.3382337,18839448.0,Female,Arua,,2024-06-10,2
CUST698,106344936.92240736,6036958.0,Male,Kampala,Non-Vegetarian,2024-03-02,7
CUST699,315531409.15927756,27630692.0,Male,Entebbe,,2024-10-01,2
CUST700,,,Female,Entebbe,Special,2024-12-19,10
CUST701,153068144.443856,14974768.0,Male,Entebbe,Vegetarian,2025/14/4,2
CUST702,335878448.4465466,17951998.0,Male,Entebbe,Non-Vegetarian,2024-04-08,5
CUST703,139780435.79243574,7387778.0,Male,Gulu,Special,2024-04-20,4
CUST704,98299021.49550535,6301887.0,Female,Kampala,Non-Vegetarian,2024-09-04,8
CUST705,91279856.57203956,5758416.0,Female,Gulu,Non-Vegetarian,2024-05-21,4
CUST706,269144846.28001493,16780896.0,Female,Mbarara,Non-Vegetarian,2024-10-28,6
CUST707,104797513.42761487,9988537.0,Male,Arua,Special,2024-09-25,5
CUST708,478014856.2407468,29865082.0,Female,Kampala,Non-Vegetarian,2024-11-01,2
CUST709,70195205.92801034,4464239.0,Female,Kampala,Special,2024-05-24,8
CUST710,464273076.08727646,40842062.0,Female,Kampala,Kids Meal,2025/13/13,2
CUST711,220909574.93976343,16013071.0,M,Entebbe,Non-Vegetarian,2024-04-09,9
CUST712,189405110.90118906,16825903.0,Male,Entebbe,Special,2024-05-31,9
CUST713,151378780.74987566,8063691.0,Female,Arua,Vegetarian,2024-04-26,3
CUST714,242696763.72904488,18051436.0,Male,Kampala,Non-Vegetarian,2024-07-03,4
CUST715,195083441.03936437,10082045.0,Female,Kampala,Vegetarian,2024-04-01,8
CUST716,345121200.8075355,18337207.0,Male,Entebbe,Non-Vegetarian,2024-06-03,9
CUST717,210473245.5140546,20062704.0,Male,Arua,Non-Vegetarian,2024-01-08,3
CUST718,214304007.29087126,12207242.0,Male,Kampala,Non-Vegetarian,2024-12-28,5
CUST719,,,Female,Gulu,Vegetarian,2024-09-30,8
CUST720,193208884.96590224,13631810.0,Male,Kampala,Vegetarian,2024-03-05,3
CUST721,231862750.85474694,15619936.0,Female,Mbarara,Kids Meal,2024-05-20,7
CUST722,,,Male,Mbarara,Non-Vegetarian,2024-01-24,8
CUST723,101306645.36732157,5175875.0,Male,Kampala,Non-Vegetarian,2024-01-28,10
CUST724,288264011.8502224,23980534.0,Female,Kampala,Special,2024-10-10,3
CUST725,216518813.0737528,21255592.0,Male,Entebbe,Non-Vegetarian,2024-05-29,2
CUST726,181318119.13548765,14144338.0,Male,Kampala,Non-Vegetarian,2024-12-23,10
CUST727,200629853.91301373,19429220.0,Female,Arua,Special,2024-03-05,7
CUST728,236520662.90642893,12444037.0,Male,Mbarara,Non-Vegetarian,2024-11-22,9
CUST729,151769797.2189069,10766499.0,Male,Arua,Special,2024-09-08,1
CUST730,134705694.5494497,8487522.0,Male,Mbarara,Non-Vegetarian,2024-02-22,3
CUST731,219240071.99596938,18973266.0,M,Entebbe,Vegetarian,2024-01-07,5
CUST732,121882605.58980624,12074283.0,Female,Kampala,Kids Meal,2024-10-20,3
CUST733,243805578.6534732,15317452.0,Female,Arua,Non-Vegetarian,2024-05-25,1
CUST734,84855763.82026517,7018312.0,Female,Entebbe,Vegetarian,2024-08-28,7
CUST735,332560746.51034254,19922012.0,Male,Arua,Non-Vegetarian,2024-09-02,7
CUST736,251776921.22434905,19705702.0,Male,Kampala,Non-Vegetarian,2025/15/12,10
CUST737,225937765.66237536,16537882.0,Female,Kampala,,2024-06-23,8
CUST738,324923643.9358047,32037558.0,Male,Kampalla,Non-Vegetarian,2024-04-04,5
CUST739,457136458.79524356,36765823.0,Male,Kampala,,2024-01-27,10
CUST740,330111261.4439234,22274363.0,Male,Kampalla,,2025/15/10,5
CUST741,79186640.60416046,4411075.0,Male,Kampalla,Non-Vegetarian,2024-09-01,5
CUST742,104842186.90079194,6034962.0,F,Arua,Special,2024-02-28,1
CUST743,145450443.22010612,8911145.0,Male,Arua,Non-Vegetarian,2024-02-03,10
CUST744,201399449.34069058,12597200.0,Female,Gulu,Special,2024-07-24,5
CUST745,257514037.00335592,23827981.0,Male,Mbarara,Non-Vegetarian,2024-09-08,6
CUST746,138292749.91909036,10795290.0,F,Kampala,Non-Vegetarian,2024-02-07,1
CUST747,218247142.80683494,16623786.0,Male,Entebbe,Vegetarian,2024-10-22,7
CUST748,,,Male,Gulu,Non-Vegetarian,2024-11-18,1
CUST749,146420968.61592644,13618173.0,Female,Entebbe,Non-Vegetarian,2024-12-17,2
CUST750,98387540.25281216,8475173.0,Female,Entebbe,Non-Vegetarian,2024-01-28,2
CUST751,125289630.10749908,6688389.0,Male,Entebbe,Non-Vegetarian,2024-03-18,5
CUST752,101129555.05887444,8635630.0,Male,Gulu,Non-Vegetarian,2024-03-17,10
CUST753,122035025.10183823,9418286.0,Male,Mbarara,Non-Vegetarian,2024-10-15,7
CUST754,336657340.50788707,18208539.0,Male,Kampala,Non-Vegetarian,2024-06-04,1
CUST755,9047152.283389132,229713.0,Male,Mbarara,Vegetarian,2024-02-13,56
CUST756,741322500.1114372,55031938.0,Female,Arua,Special,2024-05-07,1
CUST757,254398941.69625252,14828590.0,Male,Mbarara,Vegetarian,2024-03-01,1
CUST758,218036566.04295802,21211667.0,Male,Gulu,Kids Meal,2024-10-12,6
CUST759,8490696.974941134,428721.0,Female,Arua,Non-Vegetarian,2024-08-01,52
CUST760,5994188.253433242,284904.0,F,Kampala,Non-Vegetarian,2024-11-06,99
CUST761,149071462.92301026,10899327.0,Female,Mbarara,Non-Vegetarian,2024-11-01,6
CUST762,211293809.7864015,14914866.0,Male,Kampala,Vegetarian,2024-11-12,2
CUST763,715003179.9397221,59022564.0,Male,Mbarara,,2024-04-25,6
CUST764,189466981.86380833,14640416.0,F,Kampalla,Non-Vegetarian,2024-09-24,10
CUST765,353145934.66858196,18756871.0,Male,Kampala,,2025/15/10,8
CUST766,139862040.03790063,10577085.0,Male,Kampala,Special,2024-08-18,2
CUST767,195341727.93645737,17643300.0,Female,Arua,Non-Vegetarian,2024-08-14,9
CUST768,481855867.3007115,35157165.0,Female,Kampala,Non-Vegetarian,2024-06-01,8
CUST769,145294278.42354104,7642164.0,Female,Mbarara,,2024-10-28,10
CUST770,491995219.5170422,43942017.0,Male,Kampala,Kids Meal,2024-08-07,1
CUST771,283190747.13661397,17010755.0,Male,Kampala,Non-Vegetarian,2024-06-05,7
CUST772,150056416.4528986,9443207.0,F,Kampalla,Non-Vegetarian,2024-10-18,10
CUST773,272720807.9930975,15881983.0,Male,Arua,Special,2024-11-13,6
CUST774,323281010.27130175,21501664.0,Female,Mbarara,,2024-01-31,6
CUST775,271279512.8654037,23828535.0,Female,Entebbe,Non-Vegetarian,2024-11-08,6
CUST776,90661461.04843603,6887487.0,Female,Arua,Non-Vegetarian,2024-02-20,6
CUST777,138196437.4947886,8325515.0,Male,Gulu,Non-Vegetarian,2024-04-16,10
CUST778,175648599.114329,16491911.0,Male,Gulu,Kids Meal,2025/13/27,7
CUST779,191526849.76982293,17999520.0,Female,Arua,Special,2025/15/13,3
CUST780,271125217.07527775,25358049.0,Female,Gulu,Non-Vegetarian,2024-05-15,6
CUST781,217260093.0913424,13457049.0,M,Entebbe,,2024-12-04,3
CUST782,101959180.46460688,7398359.0,Male,Kampala,Vegetarian,2024-02-11,7
CUST783,240409482.49090564,23860517.0,Male,Arua,Non-Vegetarian,2024-03-21,7
CUST784,269761326.911237,23901022.0,M,Kampala,Non-Vegetarian,2024-05-02,8
CUST785,262996295.09397328,13507061.0,Female,Arua,Kids Meal,2024-03-29,2
CUST786,341256735.4187305,18175412.0,Female,Kampala,Vegetarian,2024-10-09,9
CUST787,301631416.94320756,22078385.0,Male,Gulu,Special,2024-02-08,5
CUST788,250093478.16443762,23874176.0,Female,Arua,,2024-03-21,9
CUST789,191935977.38264605,14766612.0,Female,Kampala,Vegetarian,2024-01-02,10
CUST790,86640229.73208086,6488541.0,Female,Kampala,Non-Vegetarian,2024-07-28,5
CUST791,246424049.54865426,13620765.0,Male,Kampala,Non-Vegetarian,2024-08-18,7
CUST792,,,Male,Gulu,Kids Meal,2024-12-18,9
CUST793,227701176.4255303,20744752.0,Female,Mbarara,Non-Vegetarian,2024-10-31,4
CUST794,104990559.13422306,7246553.0,Male,Kampala,Vegetarian,2024-08-28,2
CUST795,115782849.63128503,10279270.0,Female,Arua,Kids Meal,2024-05-29,9
CUST796,336575047.3961635,33059691.0,F,Entebbe,Kids Meal,2024-01-17,2
CUST797,194896206.8104788,11730476.0,Male,Entebbe,Special,2024-04-28,3
CUST798,279497981.2092619,21288378.0,Female,Mbarara,,2024-05-27,10
CUST799,201623865.38627267,12975887.0,Male,Entebbe,Kids Meal,2024-12-27,2
CUST800,201768861.2010557,18087110.0,Female,Entebbe,Non-Vegetarian,2024-05-24,3
CUST801,317788676.9569734,25067065.0,F,Kampala,Special,2025/14/1,6
CUST802,153580115.6468245,12551968.0,Male,Kampala,Vegetarian,2024-08-20,3
CUST803,208576339.20184663,18750118.0,Male,Kampala,Non-Vegetarian,2024-02-06,10
CUST804,157765077.71526048,11011770.0,Male,Kampala,Kids Meal,2024-12-17,8
CUST805,159971649.2429241,15318006.0,Male,Gulu,Non-Vegetarian,2024-04-29,6
CUST806,170316532.0984033,13055008.0,Female,Entebbe,Non-Vegetarian,2024-05-15,7
CUST807,222140842.59988695,12861453.0,M,Gulu,Non-Vegetarian,2024-11-16,1
CUST808,156470956.32755896,13267948.0,Male,Kampala,Non-Vegetarian,2024-10-28,3
CUST809,372457442.81062657,33395677.0,Male,Kampala,Non-Vegetarian,2024-12-04,3
CUST810,127095792.00634445,8367743.0,Male,Arua,Vegetarian,2024-04-11,2
CUST811,181056456.8515913,16812715.0,Female,Kampalla,Non-Vegetarian,2024-08-05,7
CUST812,159553484.47547182,15206590.0,Male,Kampala,,2024-02-28,9
CUST813,409826403.19492817,26165459.0,Female,Mbarara,Non-Vegetarian,2024-10-05,4
CUST814,219317863.55678067,21751085.0,Female,Gulu,Special,2024-04-25,5
CUST815,333008158.85693705,18993312.0,Female,Gulu,Special,2024-11-27,3
CUST816,94581749.48926766,5684437.0,Male,Gulu,Special,2024-03-17,9
CUST817,227186179.1867528,13451976.0,Female,Kampala,Non-Vegetarian,2024-05-16,4
CUST818,310151261.50991774,29371165.0,Male,Kampala,Non-Vegetarian,2024-03-13,5
CUST819,207138306.11850742,17133368.0,Male,Gulu,Vegetarian,2024-02-06,1
CUST820,338656022.2291179,19508353.0,Female,Entebbe,Non-Vegetarian,2024-01-31,2
CUST821,153484639.86092055,11053376.0,Female,Mbarara,Non-Vegetarian,2024-03-25,9
CUST822,402187517.4228461,32482635.0,Male,Entebbe,Non-Vegetarian,2024-06-06,2
CUST823,627468695.9488789,33991990.0,Male,Kampala,Non-Vegetarian,2024-10-31,5
CUST824,165807162.39915565,15605906.0,Male,Arua,Vegetarian,2024-10-18,8
CUST825,159093719.64728054,14347100.0,Male,Kampala,Non-Vegetarian,2024-05-27,3
CUST826,411141303.51287895,30942634.0,Male,Gulu,Special,2024-08-12,6
CUST827,,,Male,Arua,,2024-03-04,4
CUST828,153057659.12736055,10849959.0,Female,Mbarara,Non-Vegetarian,2024-08-27,7
CUST829,161120303.4697545,15984023.0,Female,Arua,Special,2024-12-18,10
CUST830,172664847.28693527,14399558.0,Female,Arua,Non-Vegetarian,2024-06-04,3
CUST831,101496007.78092988,8295630.0,Female,Arua,Non-Vegetarian,2024-12-24,6
CUST832,125576953.7285854,7320853.0,Male,Mbarara,Vegetarian,2024-07-25,10
CUST833,120322343.54843973,11321898.0,F,Kampala,Non-Vegetarian,2024-05-19,9
CUST834,135415243.91757286,9665193.0,Female,Kampala,Special,2024-09-13,10
CUST835,195371383.3653452,11353357.0,Female,Kampala,Non-Vegetarian,2024-10-03,1
CUST836,223486740.86077848,11315218.0,Female,Kampala,Non-Vegetarian,2024-09-09,3
CUST837,431598158.8159888,33659384.0,M,Arua,Kids Meal,2024-08-12,2
CUST838,120670983.89445329,9215641.0,Female,Gulu,Kids Meal,2024-02-11,8
CUST839,325188794.6408832,27955727.0,Male,Gulu,Special,2024-11-02,7
CUST840,178618152.12302864,16881720.0,Female,Kampala,Non-Vegetarian,2024-01-21,2
CUST841,193933024.74659792,10466629.0,Female,Arua,Non-Vegetarian,2024-08-09,6
CUST842,278565847.33697385,24116789.0,Female,Entebbe,Kids Meal,2024-06-14,3
CUST843,113395727.04864822,6732372.0,Female,Arua,Non-Vegetarian,2024-11-05,8
CUST844,240675509.85749698,22360885.0,Male,Gulu,Special,2024-05-08,10
CUST845,216041566.16598797,19649667.0,Male,Entebbe,Non-Vegetarian,2024-01-14,3
CUST846,254288729.82476494,19590324.0,M,Kampala,Vegetarian,2024-02-16,10
CUST847,229712618.52024743,19643218.0,Female,Kampala,Non-Vegetarian,2024-04-27,9
CUST848,678506996.5234271,44589787.0,Female,Mbarara,Non-Vegetarian,2024-12-11,1
CUST849,144513760.13870826,10630200.0,Male,Mbarara,Non-Vegetarian,2024-10-21,5
CUST850,,,Male,Gulu,Special,2024-10-27,3
CUST851,145572531.08091682,10621446.0,Female,Kampala,Non-Vegetarian,2024-01-11,6
CUST852,150581755.32366383,10222982.0,Female,Entebbe,,2024-12-10,10
CUST853,144539258.72992274,10798618.0,Female,Arua,Non-Vegetarian,2024-05-17,2
CUST854,360233699.66582936,32929850.0,Female,Arua,Vegetarian,2024-10-22,9
CUST855,,,Female,Kampala,Non-Vegetarian,2024-01-21,6
CUST856,149436503.09449226,8770141.0,Male,Kampala,Vegetarian,2024-03-30,7
CUST857,131113968.62267889,11223448.0,Female,Arua,Special,2024-08-28,5
CUST858,251628174.33258268,22973378.0,Male,Entebbe,Non-Vegetarian,2024-09-22,9
CUST859,150826956.8992818,8300290.0,Male,Kampala,Non-Vegetarian,2024-11-29,1
CUST860,272792280.9403078,16911404.0,Female,Kampala,Non-Vegetarian,2024-08-14,5
CUST861,220017311.40111896,12562680.0,M,Gulu,Vegetarian,2024-05-22,10
CUST862,93165051.1326805,6279052.0,Male,Mbarara,,2024-04-02,6
CUST863,430952261.454622,31251602.0,Female,Kampalla,Non-Vegetarian,2024-10-26,7
CUST864,487935662.2771907,42665737.0,Male,Gulu,Vegetarian,2024-08-11,4
CUST865,146327955.8824138,12080453.0,Male,Gulu,Non-Vegetarian,2024-11-21,1
CUST866,163758689.87559465,13272057.0,Male,Kampala,Kids Meal,2024-09-08,8
CUST867,229333532.19181132,15507246.0,Male,Gulu,Non-Vegetarian,2024-02-16,10
CUST868,234973587.92315772,21634577.0,Female,Entebbe,Non-Vegetarian,2024-08-28,4
CUST869,276308185.6261525,20326434.0,Male,Gulu,Vegetarian,2024-06-27,3
CUST870,543129070.4011396,53745471.0,Female,Entebbe,Special,2024-07-28,7
CUST871,181957129.5252229,14867191.0,M,Kampala,Vegetarian,2024-06-19,2
CUST872,133365849.33869706,7510263.0,Male,Kampala,Vegetarian,2024-06-13,8
CUST873,99741825.94618379,8359251.0,Female,Entebbe,Vegetarian,2025/15/28,6
CUST874,137934605.691934,9138885.0,Male,Kampala,Non-Vegetarian,2024-02-23,7
CUST875,195523628.6106995,16485841.0,Female,Kampala,Non-Vegetarian,2024-03-23,5
CUST876,,,Male,Kampalla,Non-Vegetarian,2024-06-17,9
CUST877,153459865.6842332,9014857.0,Male,Entebbe,Kids Meal,2024-07-29,5
CUST878,222324649.071738,20628807.0,Male,Gulu,Kids Meal,2024-12-21,5
CUST879,197163488.01686555,12097750.0,Male,Mbarara,Non-Vegetarian,2024-09-10,3
CUST880,360121457.9493578,33077896.0,Male,Kampalla,Special,2025/15/25,1
CUST881,703248935.6915003,44982477.0,Female,Gulu,Special,2024-12-05,2
CUST882,152445984.69114766,12522538.0,Female,Mbarara,,2024-07-24,8
CUST883,,,Female,Entebbe,Non-Vegetarian,2024-10-08,1
CUST884,335065206.6339597,25341899.0,Female,Entebbe,Special,2024-01-19,7
CUST885,279552599.36816573,18245150.0,Male,Entebbe,Non-Vegetarian,2024-08-20,5
CUST886,500495387.9791169,30346146.0,Male,Arua,Special,2024-02-15,3
CUST887,266189593.838421,13751213.0,Male,Arua,Vegetarian,2024-06-10,7
CUST888,,,Male,Entebbe,Special,2024-05-09,9
CUST889,267086382.5870042,22076863.0,Female,Kampala,Non-Vegetarian,2024-06-14,2
CUST890,346054581.04764265,33537963.0,Female,Gulu,Special,2024-02-29,8
CUST891,299611253.1793876,28031696.0,Male,Kampala,Non-Vegetarian,2024-07-25,9
CUST892,256180362.2819478,22621556.0,Male,Gulu,,2025/15/2,3
CUST893,338858313.5259254,30301513.0,Female,Arua,Special,2024-01-01,2
CUST894,356699081.0977,29694929.0,Female,Arua,Vegetarian,2025/15/24,7
CUST895,396757084.87962794,25001387.0,Male,Arua,Non-Vegetarian,2024-10-04,5
CUST896,274952860.0059682,26219436.0,M,Mbarara,Non-Vegetarian,2024-08-24,5
CUST897,182853572.24077463,15274969.0,F,Entebbe,,2024-07-30,10
CUST898,213919882.53247234,16690464.0,Male,Arua,Special,2024-01-28,5
CUST899,363398200.5602979,20186579.0,Male,Gulu,Vegetarian,2024-04-06,4
CUST900,132128757.86467312,9559883.0,Female,Kampala,,2024-09-22,5
CUST901,239028161.48095945,17453338.0,M,Kampala,Non-Vegetarian,2024-07-04,4
CUST902,163297765.23483014,15223954.0,Female,Kampala,Kids Meal,2024-11-14,6
CUST903,201666860.8964724,15595385.0,Male,Entebbe,Non-Vegetarian,2024-09-12,4
CUST904,376708113.31014884,26000404.0,Male,Gulu,Vegetarian,2024-11-16,2
CUST905,218720411.64283884,21618329.0,Female,Mbarara,Non-Vegetarian,2024-08-14,9
CUST906,203458691.7015401,11299288.0,Female,Kampala,,2024-01-27,2
CUST907,,,Male,Kampala,,2024-04-14,9
CUST908,288695212.6322715,15041377.0,Female,Kampalla,Non-Vegetarian,2024-05-16,10
CUST909,274509758.82381976,23881033.0,Female,Kampala,Special,2025/14/27,6
CUST910,586323733.1423981,56230690.0,Female,Entebbe,Non-Vegetarian,2024-03-08,9
CUST911,170435274.60110712,10908176.0,Female,Gulu,Special,2024-05-27,9
CUST912,221809717.25611943,20609912.0,Female,Gulu,Non-Vegetarian,2024-08-12,3
CUST913,225188214.82843658,14549616.0,Male,Kampala,Special,2024-12-23,1
CUST914,6701252.58258996,422018.0,Female,Kampala,Vegetarian,2024-09-05,69
CUST915,189539406.88901216,16622245.0,Male,Kampala,Special,2024-03-03,3
CUST916,228550109.50410867,20625582.0,Female,Gulu,Vegetarian,2024-01-15,5
CUST917,269398844.7883014,13712490.0,Male,Gulu,Non-Vegetarian,2024-11-18,3
CUST918,218229941.10085118,21417199.0,Female,Kampala,Non-Vegetarian,2024-11-07,9
CUST919,159019671.34881744,13728733.0,Male,Gulu,Non-Vegetarian,2024-05-02,9
CUST920,219047744.49912956,14290139.0,Male,Mbarara,,2024-12-29,3
CUST921,340039094.8822531,31103285.0,Male,Kampala,Non-Vegetarian,2024-03-22,3
CUST922,118983766.91319421,7624011.0,Male,Entebbe,Non-Vegetarian,2024-06-08,5
CUST923,212454863.36131492,19893783.0,Female,Arua,Vegetarian,2024-10-09,2
CUST924,140075885.29037476,7792284.0,Female,Kampala,Kids Meal,2024-01-08,6
CUST925,361321460.8914862,30778915.0,Female,Entebbe,Vegetarian,2024-10-09,7
CUST926,92818991.49881639,7150304.0,Male,Gulu,Non-Vegetarian,2024-07-27,9
CUST927,150322621.94592366,8241697.0,Male,Mbarara,Vegetarian,2024-02-17,6
CUST928,240050821.8301471,14905882.0,Male,Mbarara,Non-Vegetarian,2024-04-25,3
CUST929,434852431.51373523,22012318.0,Male,Gulu,Non-Vegetarian,2024-02-28,5
CUST930,192360187.37256312,14126624.0,Female,Arua,Kids Meal,2024-08-24,4
CUST931,150602656.95464116,9798700.0,Male,Entebbe,,2024-03-01,5
CUST932,509191032.5857206,40693465.0,Male,Gulu,Special,2024-11-27,8
CUST933,96374126.74297343,6251008.0,Male,Entebbe,,2025/14/25,8
CUST934,66210677.58144945,4303426.0,Male,Kampala,Non-Vegetarian,2024-09-12,6
CUST935,247708325.22524327,21590173.0,Female,Arua,Non-Vegetarian,2024-05-29,1
CUST936,154658213.6348353,8105195.0,Female,Gulu,Non-Vegetarian,2024-09-17,8
CUST937,119298447.12359884,11350621.0,Male,Entebbe,,2024-12-27,8
CUST938,283276356.1542384,26235128.0,Male,Mbarara,Non-Vegetarian,2024-05-19,2
CUST939,224560481.87255606,18726151.0,Male,Kampala,Non-Vegetarian,2024-07-31,4
CUST940,149935530.59130627,11944026.0,Male,Entebbe,Kids Meal,2024-09-04,2
CUST941,104804061.05724774,9916049.0,Male,Kampala,Non-Vegetarian,2024-08-29,4
CUST942,307499476.6081893,18224420.0,F,Arua,Non-Vegetarian,2024-05-04,10
CUST943,275157953.73607224,14844347.0,Female,Arua,Kids Meal,2024-08-21,7
CUST944,189172025.53927395,11724032.0,Female,Entebbe,,2025/13/20,9
CUST945,,,Male,Arua,Special,2024-03-15,8
CUST946,116419766.69585718,6022804.0,Male,Entebbe,Non-Vegetarian,2024-07-15,9
CUST947,92710537.15741853,7337144.0,Female,Arua,Non-Vegetarian,2024-04-07,8
CUST948,140652271.67637938,14033141.0,Female,Entebbe,Special,2024-11-02,2
CUST949,194309395.88671467,18028959.0,Female,Entebbe,Non-Vegetarian,2024-09-17,7
CUST950,224508696.96100655,17078889.0,Male,Mbarara,Non-Vegetarian,2024-03-10,2
CUST951,176201229.63142884,9370742.0,Female,Kampala,Non-Vegetarian,2024-02-05,2
CUST952,237050315.25937712,21706383.0,Male,Kampala,Special,2024-05-21,4
CUST953,106322295.95390652,8500353.0,Female,Gulu,Non-Vegetarian,2024-07-31,1
CUST954,409168488.30278623,22809772.0,Female,Kampalla,Non-Vegetarian,2024-06-23,5
CUST955,190789195.83755797,10434808.0,Female,Entebbe,Non-Vegetarian,2024-09-16,6
CUST956,347544473.0485474,33184012.0,Male,Kampala,Special,2024-05-16,9
CUST957,235947044.98880166,19692143.0,Female,Entebbe,Non-Vegetarian,2024-01-02,10
CUST958,249790191.27181977,22846895.0,Male,Gulu,Kids Meal,2024-05-24,8
CUST959,264311507.74663827,24831787.0,Male,Kampala,Special,2024-06-01,2
CUST960,,,Male,Arua,Non-Vegetarian,2024-10-27,1
CUST961,274131001.8170002,20798954.0,Female,Kampalla,Kids Meal,2024-10-23,2
CUST962,386379862.8040867,27634417.0,Male,Entebbe,Non-Vegetarian,2024-12-03,7
CUST963,219314178.30084646,14441253.0,Male,Entebbe,Non-Vegetarian,2024-09-07,4
CUST964,283368054.8428213,20325933.0,Female,Entebbe,Special,2024-03-17,10
CUST965,190067044.15156516,16857803.0,Male,Kampala,Vegetarian,2024-08-16,5
CUST966,408422970.06337297,32713116.0,Female,Mbarara,,2024-10-02,7
CUST967,141747679.2001657,13413039.0,Male,Entebbe,Non-Vegetarian,2024-09-04,3
CUST968,489172377.4464756,35303082.0,Male,Entebbe,,2024-06-25,10
CUST969,194837474.2581728,15656064.0,Female,Arua,Special,2024-06-19,2
CUST970,97208404.12876455,7928840.0,Male,Entebbe,Non-Vegetarian,2024-10-09,7
CUST971,211938667.4794577,16867109.0,Female,Gulu,Vegetarian,2024-10-05,5
CUST972,141417837.15381306,12039139.0,Female,Kampala,,2024-07-12,1
CUST973,302646814.07303965,18725265.0,Female,Mbarara,Special,2024-08-21,1
CUST974,143442281.01102698,10846845.0,Female,Mbarara,,2024-06-13,9
CUST975,159039564.4699075,8780772.0,Male,Gulu,Vegetarian,2024-04-06,5
CUST976,77283026.7799962,5349961.0,Male,Kampalla,Vegetarian,2024-12-23,1
CUST977,158553418.43969324,11793735.0,Female,Kampala,Vegetarian,2024-05-02,7
CUST978,59163515.38340481,4887570.0,Female,Entebbe,Non-Vegetarian,2025/14/8,9
CUST979,90043538.03252164,8781636.0,Female,Gulu,Non-Vegetarian,2024-07-15,1
CUST980,290746585.9437719,23269192.0,Female,Gulu,Vegetarian,2024-04-29,10
CUST981,294460479.9425167,25670975.0,Female,Entebbe,Vegetarian,2024-07-29,4
CUST982,245911939.39587018,18520440.0,Female,Entebbe,Non-Vegetarian,2024-01-23,3
CUST983,122579113.92088385,10015351.0,Male,Kampala,Special,2024-06-11,5
CUST984,194103018.81650257,10393559.0,Female,Entebbe,Non-Vegetarian,2024-08-30,7
CUST985,198431400.598377,12445534.0,Female,Kampala,Special,2024-12-27,8
CUST986,111392764.68559787,7585029.0,Male,Arua,Non-Vegetarian,2024-07-14,2
CUST987,421552309.0602556,31036649.0,Female,Kampala,Vegetarian,2024-07-16,7
CUST988,308254538.7869437,16116299.0,Female,Kampala,Special,2024-12-05,1
CUST989,177996276.9572843,10146002.0,Female,Gulu,,2024-11-29,7
CUST990,201479500.2572191,12862595.0,Male,Gulu,Non-Vegetarian,2024-03-18,8
CUST991,220618755.80607605,21747854.0,Male,Mbarara,Special,2024-09-10,2
CUST992,71620209.29080725,4767568.0,Female,Gulu,Kids Meal,2024-01-19,9
CUST993,175678571.97975028,13018143.0,M,Entebbe,Kids Meal,2025/15/7,1
CUST994,141351910.0584031,8453535.0,Male,Mbarara,Non-Vegetarian,2025/15/9,6
CUST995,120474090.8441449,9702863.0,Male,Gulu,Vegetarian,2024-10-29,1
CUST996,172723936.0518263,11060232.0,Female,Kampala,Vegetarian,2024-06-18,3
CUST997,,,Male,Gulu,Kids Meal,2024-02-21,6
CUST998,273873453.6337406,20767449.0,Female,Mbarara,Kids Meal,2024-08-13,3
CUST999,149404176.300476,7511338.0,F,Entebbe,Non-Vegetarian,2024-02-21,8
CUST1000,264683854.4443503,13335620.0,Male,Kampala,Vegetarian,2024-09-26,5